_id;user_id;device_id;width;height;os;__v;device_name;system_version;dpi
5b5a27750db46c4e3552bfb7;5b5a27750db46c4e3552bfb6;9c773ecf-a24d-4791-94f6-e0e3e87053d2;360.0;640.0;android;0;;;
5b5b0af00db46c4e3552cb97;5b5b0af00db46c4e3552cb96;88c2baa2-5444-4f45-b7ec-3c1eb494771c;360.0;640.0;android;0;;;
5b5b1fae0db46c4e3552ced9;5b5b1fad0db46c4e3552ced8;07cfe024-0af4-40b6-9028-5f78cd8bb75d;360.0;640.0;android;0;;;
5b5b249a0db46c4e3552cfed;5b5b249a0db46c4e3552cfec;d2a1e608-14b5-4394-b0e0-ffef124b0190;360.0;640.0;android;0;;;
5b5b28200db46c4e3552d12c;5b5b28200db46c4e3552d12a;e3343591-778d-4317-ad41-8fd2b36ad662;360.0;640.0;android;0;;;
5b5b2b95ed261d61ede3d086;5b5b2b94ed261d61ede3d085;da18a52b-2af5-4931-b7f9-ddf8582c749e;411.42857142857144;797.7142857142857;android;0;;;
5b5b2e26ed261d61ede3d1d5;5b5b2e26ed261d61ede3d1d4;64da8e00-d019-42e5-a120-baf99dc6a57c;360.0;692.0;android;0;;;
5b5b338ced261d61ede3d2ac;5b5b338ced261d61ede3d2ab;9b3a415a-ca71-4a19-a136-d1cbea1d0092;360.0;680.0;android;0;;;
5b5b35a2ed261d61ede3d345;5b5b35a2ed261d61ede3d344;e2f0e4b3-ea53-410f-8cb5-1b3fafea0d04;360.0;640.0;android;0;;;
5b5b4034ed261d61ede3d59c;5b5b4034ed261d61ede3d59b;9476b9de-9508-4f59-a469-6b12ee5d4954;360.0;604.0;android;0;;;
5b5b40c8ed261d61ede3d5cf;5b5b40c7ed261d61ede3d5ce;0746dc8b-838a-40b5-a7a4-5099e07647aa;360.0;640.0;android;0;;;
5b5b45eaed261d61ede3d7ff;5b5b45eaed261d61ede3d7fe;ca392682-f028-436d-8f6e-495606d9ce49;360.0;598.0;android;0;;;
5b5b47a0ed261d61ede3d939;5b5b479fed261d61ede3d938;0db4f95b-5f4c-46ba-acfe-62b3d26cc809;360.0;640.0;android;0;;;
5b5b5e95ed261d61ede3d99f;5b5b5e94ed261d61ede3d99e;ff33728b-8ed8-459d-b0fc-a1b209037ef8;360.0;640.0;android;0;;;
5b5badc1ed261d61ede3e626;5b5badc1ed261d61ede3e625;35ab8e05-d661-4c3f-9e16-18e7278e597c;360.0;640.0;android;0;;;
5b5bb363ed261d61ede3e77a;5b5bb361ed261d61ede3e779;3a08dc53-7e84-4b5e-a22e-ce225aaf3331;360.0;640.0;android;0;;;
5b5c41c0ed261d61ede3f026;5b5c41bfed261d61ede3f025;9c1bb724-d537-469c-b589-f69ad5ac3603;360.0;640.0;android;0;;;
5b5c4e2eed261d61ede3f364;5b5c4e2eed261d61ede3f363;62a7e30c-6dfc-49ad-ad66-b99a1d7cd413;360.0;640.0;android;0;;;
5b5d2abeed261d61ede41e40;5b5d2abded261d61ede41e3f;d4e442fa-371d-4dc8-bfb5-5276db2582c6;360.0;640.0;android;0;;;
5b5d85f7ed261d61ede42a34;5b5d85f6ed261d61ede42a33;31a711bf-a53c-4ddf-8071-ba3a7a37a85e;392.72727272727275;738.1818181818181;android;0;;;
5b5d95e9ed261d61ede42a77;5b5d95e9ed261d61ede42a76;47536160-671b-468c-9548-00cab9c488a6;360.0;692.0;android;0;;;
5b633a5bed261d61ede49285;5b633a5aed261d61ede49284;123ed5d6-6b29-4163-a126-0f8312191332;360.0;592.0;android;0;;;
5b7edfbcb8d4d054559c3470;5b7edfbbb8d4d054559c346f;78807295-262c-4615-9fc8-c3be9313b804;360.0;640.0;android;0;;;
5b82d7e7b8d4d054559c5151;5b82d7e6b8d4d054559c5150;3bbb9100-03a7-47a7-8a37-7a60255cc921;360.0;640.0;android;0;;;
5b85026eb8d4d054559c5ba3;5b85026eb8d4d054559c5ba2;C7DF8938-0C3A-45EF-BE30-43222F64EEB1;320.0;568.0;ios;0;;;
5b867776b8d4d054559c7767;5b867775b8d4d054559c7766;AA87611B-C313-4173-8E23-14DA60F78784;414.0;736.0;ios;0;;;
5b86a749b8d4d054559c7a61;5b86a749b8d4d054559c7a60;178d5324-76fc-42ed-af9d-99a6093f1b22;360.0;640.0;android;0;;;
5b86f6f2b8d4d054559c875e;5b86f6f1b8d4d054559c875d;efceb3c3-e122-41f7-9f60-abafec12cf20;392.72727272727275;738.1818181818181;android;0;;;
5b87a0bcb8d4d054559c8b40;5b87a0bcb8d4d054559c8b3f;8e21b5d9-4c54-4ed3-adae-29ada78fcbb2;360.0;640.0;android;0;;;
5b8815b2b8d4d054559c8e5c;5b8815b2b8d4d054559c8e5b;425768af-01a8-4cf8-bd85-d2fa0e2dfe8c;411.42857142857144;683.4285714285714;android;0;;;
5b8840bbb8d4d054559c9270;5b8840bbb8d4d054559c926f;1BE4F362-F461-4C5B-8551-EA030BDF999E;414.0;736.0;ios;0;;;
5b8918e4b8d4d054559c9a95;5b8918e3b8d4d054559c9a94;D60BA79F-0955-4F69-8093-3E865273F24F;375.0;667.0;ios;0;;;
5b895495b8d4d054559ca467;5b895495b8d4d054559ca466;5893806e-949b-4490-9cfe-fc4a0fd57a9f;360.0;640.0;android;0;;;
5b895960b8d4d054559ca4e2;5b895960b8d4d054559ca4e1;5c9a9f3c-f3cd-4fdf-a2d9-bfb95547c559;411.42857142857144;683.4285714285714;android;0;;;
5b898941b8d4d054559ca9be;5b898940b8d4d054559ca9bd;6C143CD2-4C54-4657-A0C2-1817E2A3DF7A;375.0;667.0;ios;0;;;
5b898f00b8d4d054559cac25;5b898effb8d4d054559cac24;A9A1142B-FF8B-4181-A486-24EA118CB172;414.0;736.0;ios;0;;;
5b89f8a3b8d4d054559cacf3;5b89f8a3b8d4d054559cacf2;7758824c-d354-4170-ae23-082fb30c11b3;360.0;640.0;android;0;;;
5b8a2feeb8d4d054559caf08;5b8a2feeb8d4d054559caf07;a8efb16a-e3d1-43bb-8319-0d326ba69f7c;360.0;640.0;android;0;;;
5b8c5edcb8d4d054559ccc74;5b8c5edbb8d4d054559ccc73;37796D20-4634-42BC-9996-B4A236D33903;375.0;667.0;ios;0;;;
5b8c7a9bb8d4d054559ccdc9;5b8c7a9ab8d4d054559ccdc8;6eb45703-14b9-47c7-acbc-9fbeed6cf237;360.0;640.0;android;0;;;
5b8db955b8d4d054559ce17d;5b8db955b8d4d054559ce17c;CE7E62F2-50A3-4DCB-9BAC-4E6C3776B8CB;320.0;568.0;ios;0;;;
5b8ee89eb8d4d054559cf3bf;5b8ee89db8d4d054559cf3be;6a456239-228c-45ff-8e37-44a58ff48b91;360.0;640.0;android;0;;;
5b9002c6b8d4d054559d03fe;5b9002c5b8d4d054559d03fd;db82c849-ed4d-4103-bd0b-c24500da5f85;360.0;640.0;android;0;;;
5b904148b8d4d054559d0592;5b904148b8d4d054559d0591;b8e8e8f6-38f2-4e3f-bfc1-ae93f3c382d3;360.0;592.0;android;0;;;
5b90fb8eb8d4d054559d11ec;5b90fb8db8d4d054559d11eb;b2366e3d-4fc8-4728-9a6d-71f4ea7c0320;360.0;640.0;android;0;;;
5b914ff892f34d267567ff91;5b914ff892f34d267567ff8e;94ae4679-e35a-4ab0-a7c5-5b0433212c22;360.0;598.0;android;0;;;
5b9181e992f34d26756808c7;5b9181e892f34d26756808c6;32b9b16d-b213-45cf-99c6-468e6c6f034f;360.0;640.0;android;0;;;
5b91bbd692f34d2675680abf;5b91bbd592f34d2675680abe;F02352F1-6BFD-4B65-B722-9D3BF327C65B;375.0;667.0;ios;0;;;
5b9345bb92f34d2675682218;5b9345ba92f34d2675682217;3e2288e7-0240-4e5f-8319-3ee7c985a80a;360.0;640.0;android;0;;;
5b93b4ea92f34d2675682f8f;5b93b4e992f34d2675682f8e;18c9d3d4-ba90-42dd-ba63-2d523c1a727d;360.0;592.0;android;0;;;
5b93ba1392f34d26756830a7;5b93ba1392f34d26756830a5;97ee77bb-9cfc-4584-a229-1707b21915a2;411.42857142857144;797.7142857142857;android;0;;;
5b93c6b492f34d2675683247;5b93c6b392f34d2675683246;dd2a90af-c0c4-4989-8874-86a9be89446b;360.0;598.0;android;0;;;
5b93edaa92f34d2675683a1a;5b93eda992f34d2675683a19;dd094e7d-9fae-4e42-9042-97afafd08cef;360.0;592.0;android;0;;;
5b942ba1fb41c45baeb20e89;5b942ba0fb41c45baeb20e87;221B26AD-805A-4D05-BC62-CE956B2A4F38;414.0;736.0;ios;0;;;
5b9434d8fb41c45baeb2165a;5b9434d5fb41c45baeb21655;1df18a78-8255-4639-ae03-75840d73a9fa;360.0;640.0;android;0;;;
5b9509cdfb41c45baeb2d1d9;5b9509cdfb41c45baeb2d1d7;b4dff835-024a-4636-85f7-a5cf3b9b5c20;360.0;680.0;android;0;;;
5b952f86fb41c45baeb2fd2c;5b952f85fb41c45baeb2fd2b;e8310e91-556c-411d-9124-a4fcdc6bea94;360.0;640.0;android;0;;;
5b9573e7fb41c45baeb3445c;5b9573e6fb41c45baeb34458;eacfb8bb-33b1-4c30-91fa-c370be045f1a;360.0;640.0;android;0;;;
5b961cc7fb41c45baeb3ae7f;5b961cc6fb41c45baeb3ae7b;56b6333e-7b84-45e4-97ab-86bc497802b8;360.0;598.0;android;0;;;
5b96403ffb41c45baeb3e985;5b96403bfb41c45baeb3e983;15539A9B-C404-4C5E-A382-4B00B53184F6;320.0;568.0;ios;0;;;
5b9660f7fb41c45baeb428ba;5b9660f7fb41c45baeb428b9;d13d3d7c-7fa5-4ea3-8fdc-85a45773a860;360.0;640.0;android;0;;;
5b977af1fb41c45baeb4f7da;5b977af0fb41c45baeb4f7d9;584138d0-2dbc-4d08-a963-5241deef03de;320.0;568.8888888888889;android;0;;;
5b998d4bfb41c45baeb743f1;5b998d4bfb41c45baeb743f0;dd687bfe-b962-432a-80a3-412e09e33282;360.0;678.0;android;0;;;
5b9a30ebfb41c45baeb7930a;5b9a30eafb41c45baeb79309;7532BC97-38AF-47BC-BA7F-76AC6AD1F560;375.0;667.0;ios;0;;;
5b9a56fbfb41c45baeb7bcda;5b9a56f7fb41c45baeb7bcd8;eeeec410-7eca-47a7-9a8c-905e1f954105;360.0;640.0;android;0;;;
5b9acf01fb41c45baeb829ae;5b9acf00fb41c45baeb829ad;468adc3f-1090-4335-ae87-7e1eade58a61;360.0;640.0;android;0;;;
5b9b8c52fb41c45baeb8a98c;5b9b8c52fb41c45baeb8a98b;b0daa2f2-a782-49f2-beb8-8d69afedd839;360.0;640.0;android;0;;;
5b9bbd46fb41c45baeb8f35d;5b9bbd45fb41c45baeb8f35c;789F03C4-33D4-493D-A51E-C83716584555;320.0;568.0;ios;0;;;
5b9bebd2fb41c45baeb94153;5b9bebd2fb41c45baeb94152;E364BC8A-641F-4C64-982A-AAE13A2C56B5;375.0;667.0;ios;0;;;
5b9bf442fb41c45baeb94871;5b9bf442fb41c45baeb9486f;3d335111-8c29-4f91-8dfd-982cc3b02532;411.42857142857144;731.4285714285714;android;0;;;
5b9c038efb41c45baeb959ff;5b9c038efb41c45baeb959fe;f7bb19d6-3068-4d9c-aabd-30409e80f84e;360.0;640.0;android;0;;;
5b9c209cfb41c45baeb97e7c;5b9c209cfb41c45baeb97e7b;2F430405-7648-478A-BD08-A753A09A124F;375.0;667.0;ios;0;;;
5b9c450dfb41c45baeb9bdf8;5b9c450dfb41c45baeb9bdf7;cdd5957d-9911-4d7b-8dbd-7c52f2665e00;392.72727272727275;738.1818181818181;android;0;;;
5b9cd9aefb41c45baeba281f;5b9cd9adfb41c45baeba281e;E0A2E0DD-93B6-4513-8CF8-46D2627C3130;320.0;568.0;ios;0;;;
5b9cdb70fb41c45baeba2982;5b9cdb6ffb41c45baeba2981;16356d45-89de-479c-a9d7-69dfdc3bee2e;360.0;598.0;android;0;;;
5b9cf02bfb41c45baeba3e0f;5b9cf02afb41c45baeba3e0e;51598901-25FE-411A-89B9-826DC1FA5BA4;320.0;568.0;ios;0;;;
5b9d175ffb41c45baeba7a0d;5b9d175efb41c45baeba7a09;4dfc399c-12d6-4501-9608-5d1b906e39be;360.0;692.0;android;0;;;
5b9d1ed9fb41c45baeba881b;5b9d1ed8fb41c45baeba881a;878046E9-0B78-455B-BA12-FB9047E76CB0;320.0;568.0;ios;0;;;
5b9d6782fb41c45baebad9e8;5b9d6781fb41c45baebad9e7;54cc7c97-43d6-4006-8c10-a62ce203db4b;360.0;640.0;android;0;;;
5b9e3044fb41c45baebb7276;5b9e3043fb41c45baebb7275;2C4E1D3F-81DA-4C56-9C6A-0F6BC64C1C7B;320.0;568.0;ios;0;;;
5b9e3114fb41c45baebb7478;5b9e310efb41c45baebb746c;E454DA92-6D38-4617-9887-79D4B66D5C73;414.0;736.0;ios;0;;;
5b9e321cfb41c45baebb76d3;5b9e321bfb41c45baebb76d2;b6d5cb88-98e8-4284-9382-bb1b3c214a6c;360.0;677.3333333333334;android;0;;;
5b9e6fe7fb41c45baebbb730;5b9e6fe7fb41c45baebbb72f;b1f54ae5-ac1e-46f8-a070-8c0ce1150a07;392.72727272727275;738.1818181818181;android;0;;;
5b9e9438fb41c45baebbe2af;5b9e9438fb41c45baebbe2ae;dcd601ec-d364-43eb-9d96-c681d4581299;360.0;640.0;android;0;;;
5b9f65bafb41c45baebc4b38;5b9f65bafb41c45baebc4b37;3a8828b8-2def-49fb-b0cd-365ab5228c6f;411.42857142857144;731.4285714285714;android;0;;;
5b9fc771fb41c45baebc9cc7;5b9fc770fb41c45baebc9cc6;15769ef8-097e-4307-b38c-d3573486133a;360.0;640.0;android;0;;;
5ba00108fb41c45baebcd267;5ba00107fb41c45baebcd266;08be8a75-95f8-406e-8e5c-cd2760a1532d;360.0;592.0;android;0;;;
5ba01083fb41c45baebcf443;5ba01082fb41c45baebcf442;974E3BCA-904D-4B28-8066-29DF77CF9FA0;414.0;736.0;ios;0;;;
5ba02040fb41c45baebd0a9a;5ba0203ffb41c45baebd0a99;aaa9bdf8-d749-4e39-9ce9-40eb3ae3573d;360.0;598.0;android;0;;;
5ba25031fb41c45baebf1994;5ba25031fb41c45baebf1993;737d88ab-9712-4a42-9ef9-2525490fc34c;360.0;592.0;android;0;;;
5ba8a4d2fb41c45baec593e5;5ba8a4d1fb41c45baec593e4;8e9dc909-3e23-40ec-8bf5-ef2618d58fb2;360.0;640.0;android;0;;;
5bac97167715a165b780e5be;5bac97157715a165b780e5bd;5AA955A9-D03F-45C9-B613-E3BADB6A56BC;320.0;568.0;ios;0;;;
5bae82607715a165b7811126;5bae82607715a165b7811125;d5df0d0c-a2fe-4b95-bd0d-73c479196527;360.0;640.0;android;0;;;
5bb0f1e57715a165b781486b;5bb0f1e57715a165b7814869;1b64b9da-13a5-467d-940b-bdf7139ac075;360.0;604.0;android;0;;;
5bb501527715a165b78157c6;5bb501527715a165b78157c5;b7a1e765-c9c3-436f-8267-28682d0a3578;360.0;598.0;android;0;;;
5bb9f8347715a165b781a149;5bb9f8347715a165b781a148;00fdd042-9347-4041-808d-a9bfe8e0ac76;411.42857142857144;731.4285714285714;android;0;;;
5bb9fedb7715a165b781a1be;5bb9fedb7715a165b781a1bd;BAEFC104-8F80-4100-BDE0-65E4E2E1550A;414.0;736.0;ios;0;;;
5bba0ce47715a165b781a295;5bba0ce37715a165b781a294;d974b931-ac4d-416b-bf84-e69a71a9792b;360.0;598.0;android;0;;;
5bba1f367715a165b781a4d4;5bba1f367715a165b781a4d3;30407655-d9e9-4c10-9fa2-80c252a74ff4;360.0;640.0;android;0;;;
5bba3ad87715a165b781a657;5bba3ad87715a165b781a656;1EB3390D-3A46-4F12-B2CF-8AF25EA7F05C;375.0;667.0;ios;0;;;
5bba400c7715a165b781a674;5bba400c7715a165b781a673;105bd6db-23b1-4b79-b370-fe7167d6d4d0;360.0;640.0;android;0;;;
5bbbb72308e8e43418315b60;5bbbb72308e8e43418315b5f;bcf90b11-5461-4c45-9aff-982e58c98e89;360.0;640.0;android;0;SM-J530F;7.0;2.0
5bc5e9d008e8e43418319ce3;5bc5e9d008e8e43418319ce2;011CBDCC-8C54-4D29-A0F0-D358BA04864A;320.0;568.0;ios;0;iPhone;unkonown;2.0
5bc65ea608e8e43418319fc7;5bc65ea608e8e43418319fc6;54A48EEE-4AD6-4579-867F-E47F65D59ED2;320.0;568.0;ios;0;Marcela's iPhone;unkonown;2.0
5bcf6c102407d0256685d017;5bcf6c0f2407d0256685d00f;E2FDA1EB-5647-41BF-856D-CA2D1F2E2E19;375.0;667.0;ios;0;Kona’s iPhone;unkonown;2.0
5bcf6fd82407d0256685d81f;5bcf6fd82407d0256685d81c;4BE5EBCF-59E1-4CA0-924D-902B287DD671;320.0;568.0;ios;0;iPhone - Spiros;unkonown;2.0
5bcf8b972407d02566860257;5bcf8b962407d02566860254;97e36922-bb8e-478d-9a18-4b50d7728b0e;360.0;640.0;android;0;SM-G800F;6.0.1;2.0
5bcfabd22407d025668632a2;5bcfabd22407d0256686329f;a639c5fe-f826-4887-850c-8eccc33896b1;360.0;598.0;android;0;LG-D722;5.0.2;2.0
5bd0118b2407d02566864d8a;5bd0118b2407d02566864d88;20fa8e1b-4e4f-410f-8520-87dee9ffafa5;360.0;640.0;android;0;Redmi 4;6.0.1;3.0
5bd027672407d02566865de6;5bd027672407d02566865de5;d3488579-e44a-408c-bf9d-c382e7273230;360.0;640.0;android;0;SM-G930F;8.0.0;3.0
5bd029a72407d02566865e6b;5bd029a72407d02566865e6a;2E813BEF-0B4F-478E-8393-C4CA37F1059B;375.0;667.0;ios;0;Jason’s iPhone;unkonown;2.0
5bd048742407d02566867407;5bd048722407d02566867402;3aa6755f-93c0-4745-a2e0-fd6f21c32025;360.0;640.0;android;0;MI 5;8.0.0;3.0
5bd04e722407d025668678af;5bd04e712407d025668678ae;aa216307-e234-4ef3-ac71-2cf4df57b19b;360.0;640.0;android;0;SM-G925F;7.0;4.0
5bd05a582407d0256686858f;5bd05a582407d0256686858e;097a0641-eafc-4f29-af52-3c09b3adfdb0;360.0;640.0;android;0;LG-D605;4.4.2;2.0
5bd065a22407d02566868f06;5bd065a22407d02566868f05;1137CF09-92D0-4587-87DE-013873FF64C3;320.0;568.0;ios;0;Vlasis iPhone;unkonown;2.0
5bd076ce2407d0256686997e;5bd076cd2407d0256686997c;ca8459e2-128c-4a19-998c-9b18c205e2fe;360.0;604.0;android;0;ALE-L21;6.0;2.0
5bd0786f2407d02566869c6d;5bd0786e2407d02566869c6a;0f26d576-42f8-4ca4-bb7c-cd05afe73860;360.0;604.0;android;0;HUAWEI VNS-L21;7.0;3.0
5bd082862407d02566869f28;5bd082852407d02566869f27;f88277d4-a97a-4678-960e-f828ff85f404;360.0;640.0;android;0;ZTE BLADE V0850;7.0;2.0
5bd0a0ad2407d0256686a20c;5bd0a0ad2407d0256686a20b;ab9d51f8-b3a3-4c79-93ad-2d0ec06bf0a7;360.0;592.0;android;0;Moto G (4);7.0;3.0
5bd0c3882407d0256686a937;5bd0c3872407d0256686a936;d3a1ef9d-7587-4f75-aa44-9ec2d8269c53;360.0;640.0;android;0;SM-N9005;7.1.2;3.0
5bd0cc3d2407d0256686ab8e;5bd0cc3c2407d0256686ab8c;84c3c397-b539-4e1f-8179-fb88ae55f9fb;360.0;640.0;android;0;SM-J330F;8.0.0;2.0
5bd194762407d0256686e48b;5bd194762407d0256686e48a;24e5795e-9687-4707-9789-0ab418350502;360.0;640.0;android;0;Redmi Note 4;7.0;3.0
5bd196bc2407d0256686e4ba;5bd196bc2407d0256686e4b9;f0f3aa69-2d99-4f1c-be4e-cc425ba3a394;360.0;598.0;android;0;LG-D855;6.0;4.0
5bd1ad442407d0256686ea33;5bd1ad432407d0256686ea32;2c4d6da8-a9d0-4002-97d1-03770e70f216;360.0;716.6666666666666;android;0;COL-L29;8.1.0;3.0
5bd1c4c32407d0256686f36b;5bd1c4c32407d0256686f36a;1b56f1f3-7231-42f9-aa7b-a406755f055e;411.42857142857144;774.8571428571429;android;0;ONEPLUS A5010;8.1.0;2.625
5bd1f2e22407d025668702a1;5bd1f2e22407d025668702a0;fc6e1de0-a0e2-40c0-bb95-c8a4bc05547d;360.0;640.0;android;0;MI 6;8.0.0;3.0
5bd2533e2407d02566878c0b;5bd2533d2407d02566878c0a;a4f4e200-8a04-44b3-8671-a21d0b78842c;360.0;604.0;android;0;ALE-L21;6.0;2.0
5bd2df672407d02566879f3b;5bd2df662407d02566879f32;0966630d-8bd2-457c-b830-042a3c83facb;360.0;640.0;android;0;Lenovo A6020a46;5.1.1;3.0
5bd42c032407d02566880315;5bd42c022407d02566880313;c81cd116-defb-4b1e-9665-9ca165f3a02d;360.0;640.0;android;0;Redmi Note 3;5.1.1;3.0
5bd442462407d02566880716;5bd442462407d02566880715;68164340-630e-4b3c-bef0-9c6dc34d4dea;360.0;604.0;android;0;ALE-L21;6.0;2.0
5bd447632407d02566880a21;5bd447632407d02566880a1f;07f94301-3e81-4485-8b98-63b574fcef9f;360.0;640.0;android;0;SM-A520F;8.0.0;2.25
5bd455592407d0256688192d;5bd455592407d0256688192c;0a9960e0-7b30-421e-bdd9-ba6fb63b0cd3;392.72727272727275;698.1818181818181;android;0;MI MAX;7.0;2.75
5bd49c252407d02566884141;5bd49c252407d0256688413f;22b15be8-022f-4898-b0c9-8fabd449bd59;360.0;640.0;android;0;TA-1032;7.1.1;2.0
5bd556f02407d025668860d2;5bd556f02407d025668860d1;C1F618ED-0CC0-481A-9B0C-9BEB234D57C0;414.0;736.0;ios;0;Haris’s iPhone;unkonown;3.0
5bd85d002407d02566893acc;5bd85cff2407d02566893acb;e6e4884b-7df2-46c7-b81b-3a58a2df3d14;360.0;640.0;android;0;Redmi 4A;7.1.2;2.0
5bd97f6d2407d02566899999;5bd97f6c2407d02566899997;b9f7e63f-b77f-4cc4-af05-c819504152c3;360.0;640.0;android;0;SM-A520F;8.0.0;2.25
5bd9c10b2407d0256689b366;5bd58e462407d02566887656;f6158770-56fd-40a2-a916-d423ad69a173;423.5294196844927;800.0000149595974;android;0;Redmi Note 5;8.1.0;-1.0
5bda31aa2407d0256689e853;5bda31a92407d0256689e84e;822ea03f-411a-4a27-bcaf-ce4c009c464c;360.0;680.0;android;0;BLA-L29;8.0.0;3.0
5bdaaedd2407d0256689f52a;5bdaaedc2407d0256689f528;e32e8fbd-55e8-4710-af3c-445d46589cda;360.0;640.0;android;0;SM-G935F;8.0.0;3.0
5bdf8cb12407d025668b307b;5bdf8cb02407d025668b307a;4E559474-3742-44E0-BED3-E8E8782893F8;320.0;568.0;ios;0;Lou's iPhone;unkonown;2.0
5bf18acf72415c220f8c3784;5bf18ace72415c220f8c3783;17bb83e1-9c88-4829-838a-25983d47e52b;411.42857142857144;797.7142857142857;android;0;SM-G965F;8.0.0;2.625
5bf3ebee72415c220f8c3db2;5bf3ebee72415c220f8c3db1;f23ea71d-b13f-40d5-b305-36f0626f67fb;360.0;640.0;android;0;Redmi Note 4;7.0;3.0
5bf5c31772415c220f8c422b;5bf5c31672415c220f8c422a;B7B6F330-740F-45BD-AF0D-D3E68E51C33A;320.0;568.0;ios;0;iPhone;unkonown;2.0
5bf7d0ea44ffd56c19add994;5bf7d0ea44ffd56c19add993;23583e45-15cc-43af-ac27-d3515934a505;360.0;680.0;android;0;LDN-L21;8.0.0;2.0
5bf7d13d44ffd56c19add9f0;5bf7d13d44ffd56c19add9ee;fe9fe2b3-1025-4cba-99da-a767a87acff2;411.42857142857144;731.4285714285714;android;0;SM-G935F;8.0.0;2.625
5bf7d15e44ffd56c19adda1d;5bf7d15e44ffd56c19adda1c;a30d7cc7-5305-4341-bc9a-18323459d030;360.0;640.0;android;0;SM-G920F;7.0;3.0
5bf7d19444ffd56c19adda88;5bf7d19244ffd56c19adda7d;0f270e83-e682-499a-93be-a64e39fa9c44;360.0;640.0;android;0;U20 Plus;6.0;3.0
5bf7d25144ffd56c19addbe6;5bf7d24a44ffd56c19addbd5;270011F8-6CE3-4F79-8B1B-E17202CD0C67;375.0;667.0;ios;0;iPhone - Αλέξανδρος;unkonown;2.0
5bf7d26f44ffd56c19addc2a;5bf7d26544ffd56c19addc17;e703c303-71cc-4212-adac-369fa6497ff2;360.0;640.0;android;0;SM-A520F;8.0.0;2.25
5bf7d46244ffd56c19addfd6;5bf7d45a44ffd56c19addfcd;ca2e5245-8850-4726-8c2d-34324a180b1d;411.42857142857144;797.968253968254;android;0;SM-A605FN;8.0.0;1.96875
5bf7d4ea44ffd56c19ade0d5;5bf7d4e144ffd56c19ade0c1;128d06be-ec85-4a2e-a84a-00b056383b0c;360.0;640.0;android;0;Mi A1;7.1.2;3.0
5bf7d53844ffd56c19ade18e;5bf7d53144ffd56c19ade17f;9e919047-6ef7-4c50-9ba0-d007adbc40f0;392.72727272727275;769.4545454545455;android;0;POCOPHONE F1;8.1.0;2.75
5bf7d5a744ffd56c19ade24c;5bf7d59544ffd56c19ade236;dacf5a3f-72d3-4add-82d1-dc6f7368c24f;392.72727272727275;662.1818181818181;android;0;BLN-L21;7.0;2.75
5bf7d71144ffd56c19ade53a;5bf7d70944ffd56c19ade525;441bb422-b540-4a2e-987c-cd79f4cf2e1d;360.0;640.0;android;0;Redmi Note 4;7.0;3.0
5bf7d74844ffd56c19ade5c0;5bf7d74344ffd56c19ade5a8;71270428-ce5b-4e60-af1b-aa55a7d7024e;360.0;716.6666666666666;android;0;ANE-LX1;8.0.0;3.0
5bf7d98644ffd56c19ade966;5bf7d97844ffd56c19ade952;76127449-f323-4d87-b72a-6ce8129d3804;360.0;640.0;android;0;Redmi 4X;7.1.2;2.0
5bf7db1744ffd56c19adec13;5bf7db1444ffd56c19adec08;ff978373-b73a-41ed-a881-ede2bbf16354;392.72727272727275;738.1818181818181;android;0;Redmi 5 Plus;8.1.0;2.75
5bf7db7a44ffd56c19adec72;5bf7db7844ffd56c19adec66;0f1a276c-ab9e-4aa6-b0ba-c18b3d5bb0b5;360.0;640.0;android;0;Redmi Note 3;5.0.2;3.0
5bf7db8644ffd56c19adec78;5bf7db7a44ffd56c19adec6e;465ddbd2-71da-4051-ad66-269d8d814f1d;360.0;604.0;android;0;WAS-LX1;7.0;3.0
5bf7dbbb44ffd56c19aded0e;5bf7dbb844ffd56c19aded04;f9342e0c-a276-4f35-a19a-37fe892fefca;360.0;592.0;android;0;G8341;8.0.0;3.0
5bf7dc0744ffd56c19aded62;5bf7dbf744ffd56c19aded3f;ffac7bbd-23e6-4163-8ded-aa8e3fe51e06;360.0;640.0;android;0;Redmi 4X;7.1.2;2.0
5bf7dc6544ffd56c19adee34;5bf7dc5c44ffd56c19adee24;AB893396-20A7-4ABE-A01D-4DD3FFF555AD;414.0;736.0;ios;0;Chary 8plus;unkonown;3.0
5bf7e02644ffd56c19adf5e0;5bf7e01b44ffd56c19adf5bd;545c0db4-9696-4bb5-a43e-2ac07c6f0211;360.0;592.0;android;0;Moto G (5S) Plus;7.1.1;3.0
5bf7e3c444ffd56c19adfcfe;5bf7e3c044ffd56c19adfce7;1b6864f7-5354-4034-9008-7f431e46f81a;320.0;569.3333333333334;android;0;HUAWEI Y560-L01;5.1.1;1.5
5bf7e50144ffd56c19adfef8;5bf7e4f444ffd56c19adfee8;566f1069-9fe9-4b31-a3f9-65db5fa2cf98;360.0;640.0;android;0;VTR-L09;8.0.0;3.0
5bf7e6e544ffd56c19ae028a;5bf7e6e144ffd56c19ae027b;a4405c69-f358-49bc-8bfa-eca1002f3589;423.5294196844927;752.9411905502093;android;0;Mi A1;8.1.0;2.549999952316284
5bf7e7a544ffd56c19ae03cc;5bf7e79744ffd56c19ae03bb;c372dcf9-a541-4f7d-ac2b-000f5a978128;360.0;640.0;android;0;Elephone P8000;5.1;3.0
5bf7e82d44ffd56c19ae04b8;5bf7e82c44ffd56c19ae04b6;8c59c617-bb77-47e5-896f-99f3b34ed8b3;360.0;640.0;android;0;SM-A510F;7.0;2.25
5bf7e8e144ffd56c19ae05e3;5bf7e8df44ffd56c19ae05d6;8E7DA5EB-6302-44C7-A1AF-34D79D89FA73;375.0;667.0;ios;0;Sultan masoud’s iPhone;unkonown;2.0
5bf7e9d544ffd56c19ae0811;5bf7e9d344ffd56c19ae0801;ed90b64a-bc5e-4e71-96f3-e9040bb86fef;360.0;640.0;android;0;Redmi Note 4;7.0;3.0
5bf7ea4644ffd56c19ae08f2;5bf7ea3e44ffd56c19ae08e7;e13f5d31-2c61-448a-8f1e-37a61238006b;360.0;640.0;android;0;Redmi 5A;7.1.2;2.0
5bf7ea9344ffd56c19ae099c;5bf7ea8944ffd56c19ae098d;619c7b64-0753-494f-aa46-8803b878bb60;360.0;640.0;android;0;SM-G930F;8.0.0;3.0
5bf7ec6944ffd56c19ae0c55;5bf7ec6944ffd56c19ae0c54;31920e7c-85e1-4562-b151-842ace212dc3;360.0;640.0;android;0;TA-1024;8.1.0;2.0
5bf7ecae44ffd56c19ae0ce9;5bf7ecac44ffd56c19ae0cda;e8458931-8ed1-4eb0-996d-ddaec9849be8;423.5293998850261;704.705862586474;android;0;Ulefone S8;7.0;1.7000000476837158
5bf7ef0344ffd56c19ae10d8;5bf7eefb44ffd56c19ae10d0;15a99f97-fb67-4dd7-ad41-088af0dd6f35;360.0;640.0;android;0;Redmi Note 3;6.0.1;3.0
5bf7f15a44ffd56c19ae14eb;5bf7f15944ffd56c19ae14d9;8d56ec4d-e482-4301-8173-ca8899e59a71;360.0;640.0;android;0;Ulefone S7;7.0;2.0
5bf8003f293a990ba1fb1f48;5bf80031293a990ba1fb1f36;f49f3eec-8b8b-4c4c-81a4-286f0a37daee;411.42857142857144;731.4285714285714;android;0;ONEPLUS A3003;8.0.0;2.625
5bf8010d293a990ba1fb20ac;5bf80108293a990ba1fb209c;3380D5BD-59D9-4669-BDEB-1FF7F687090C;375.0;667.0;ios;0;iPhone;unkonown;2.0
5bf80209293a990ba1fb2261;5bf801fe293a990ba1fb2255;231d3f57-7806-4987-8d2f-0d20bf225e0f;360.0;640.0;android;0;SM-A510F;7.0;2.25
5bf802df293a990ba1fb24bf;5bf802d0293a990ba1fb249a;edf5a1e0-07cb-4249-acba-31543aa306bd;360.0;677.3333333333334;android;0;FIG-LX1;8.0.0;3.0
5bf8035e293a990ba1fb259e;5bf8035a293a990ba1fb2593;d90ce4da-828b-4578-8250-ca6bec3c6773;360.0;640.0;android;0;Neffos X1;7.0;2.0
5bf80416293a990ba1fb2757;5bf8040e293a990ba1fb274b;ba39405b-8c63-46d2-8a6d-f1f998dd9d1a;360.0;679.0;android;0;ATU-L21;8.0.0;2.0
5bf805fb293a990ba1fb2b4c;5bf805f7293a990ba1fb2b41;DB273CBF-4012-4712-BC20-AE3472B093B4;375.0;667.0;ios;0;Geor;unkonown;2.0
5bf80793293a990ba1fb2df8;5bf8078a293a990ba1fb2dde;cdf79e71-fa0b-4055-89cf-dd89e6535bd6;360.0;604.0;android;0;DIG-L21;6.0;2.0
5bf80918293a990ba1fb313b;5bf80906293a990ba1fb3130;4c979152-9a55-4bfb-89f6-5a0a0305d81f;360.0;640.0;android;0;SM-A300FU;6.0.1;1.5
5bf8092a293a990ba1fb315d;5bf8091c293a990ba1fb3150;00f39ad9-e596-4aaf-98c7-96d5a523a6f0;360.0;592.0;android;0;F3311;6.0;2.0
5bf80a39293a990ba1fb33b6;5bf80a18293a990ba1fb338b;3b8bde04-3b72-4234-bf2e-2f9d2bb544eb;360.0;640.0;android;0;SM-J510FN;7.1.1;2.0
5bf80e2c293a990ba1fb3a81;5bf80e18293a990ba1fb3a5c;B0586B1D-F297-45A9-AE79-44A657C65065;375.0;812.0;ios;0;Konstantinos Nakas;unkonown;3.0
5bf81036293a990ba1fb3f13;5bf81029293a990ba1fb3f02;3411f258-cae2-4847-8758-dcea51bb79a9;360.0;640.0;android;0;Turbox_S3;7.0;2.0
5bf81cde293a990ba1fb4611;5bf81cde293a990ba1fb4610;d7716084-162f-477b-80da-d1896644889d;360.0;640.0;android;0;TA-1021;7.1.2;3.0
5bf820f6293a990ba1fb4852;5bf820eb293a990ba1fb4846;534b1364-445b-46c8-a6d9-352d960c169e;360.0;692.0;android;0;SM-G950F;8.0.0;3.0
5bf8276d293a990ba1fb4961;5bf82768293a990ba1fb495f;d0df8ab3-17d2-494d-a404-656657b54e95;360.0;640.0;android;0;Mi A1;8.1.0;3.0
5bf8297f293a990ba1fb4997;5bf8297f293a990ba1fb4996;8353f442-ddb7-4688-9109-bc9526fb2529;360.0;640.0;android;0;Lenovo A7000-a;5.0;2.0
5bf82bd4293a990ba1fb4ab5;5bf82bcf293a990ba1fb4ab0;74f99728-78e9-42c4-a64b-87db37510154;423.5294196844927;752.9411905502093;android;0;Mi Note 2;8.0.0;2.549999952316284
5bf8443a293a990ba1fb4e62;5bf84426293a990ba1fb4e61;1542f5b6-3942-4705-8516-1ffd622516b6;360.0;640.0;android;0;Redmi Note 3;6.0.1;3.0
5bf8454c293a990ba1fb4e79;5bf8454c293a990ba1fb4e78;cdf2bbf7-9ff5-4d7a-90ee-575fdc71c9c1;411.42857142857144;731.4285714285714;android;0;SM-A320FL;8.0.0;1.75
5bf84da8293a990ba1fb5176;5bf84da1293a990ba1fb5172;16c81aed-7162-457d-8e9b-56bc9bd92449;360.0;640.0;android;0;SM-A520F;8.0.0;2.25
5bf86b22293a990ba1fb5c16;5bf86b22293a990ba1fb5c14;44536c07-ac4f-45bb-afbf-ac4c7c20b6b4;360.0;640.0;android;0;SM-G930F;8.0.0;3.0
5bf870f1293a990ba1fb5cc1;5bf870ec293a990ba1fb5cc0;583493D6-FD14-4E37-9659-D25049688420;320.0;568.0;ios;0;iPhone - Βασιλης;unkonown;2.0
5bf8ff8f293a990ba1fb61fe;5bf8ff8f293a990ba1fb61fd;28963349-0e80-41af-9d5d-0b7ba5d3b535;360.0;594.0;android;0;LG-H525n;5.0.2;2.0
5bf909f0293a990ba1fb6370;5bf909ea293a990ba1fb636e;4e133767-1b04-4373-be99-d736df3a8a11;360.0;604.0;android;0;SLA-L22;7.0;2.0
5bf9197a293a990ba1fb6436;5bf9197a293a990ba1fb6435;428f6e50-59be-415a-a611-611b4d1502d4;392.72727272727275;738.1818181818181;android;0;Redmi 5 Plus;7.1.2;2.75
5bf9218a293a990ba1fb6586;5bf9218a293a990ba1fb6585;9ad254cc-120d-47b6-9339-536b04868e78;360.0;640.0;android;0;SM-A520F;7.0;2.25
5bf97047293a990ba1fb6b8f;5bf97047293a990ba1fb6b8e;8D089AF0-6E31-4452-8B18-6FD2A5CECB1F;375.0;667.0;ios;0;iPhone-Zenia;unkonown;2.0
5bf9853a293a990ba1fb6caf;5bf9853a293a990ba1fb6cad;9d592640-6787-48e3-aa7f-82c56ec8e812;360.0;640.0;android;0;SM-J500FN;6.0.1;2.0
5bf98a4d293a990ba1fb6cf2;5bf98a4d293a990ba1fb6cf1;a33b15b4-3e63-4f15-90a4-fcd90c2a074e;360.0;640.0;android;0;Redmi Note 4X;6.0;3.0
5bf9943f293a990ba1fb6d7b;5bf9943e293a990ba1fb6d7a;905019f8-cdb1-42ee-a164-55653bcae3f4;411.42857142857144;731.4285714285714;android;0;SM-J730F;8.1.0;1.96875
5bf9a7a5293a990ba1fb6ef4;5bf9a7a5293a990ba1fb6ef2;a4be4e1b-55c8-4a5a-abbd-0d98fc241710;360.0;640.0;android;0;SM-A510F;7.0;2.25
5bf9b377293a990ba1fb7046;5bf9b377293a990ba1fb7045;9b580776-a1f5-4a95-abf3-3fe868f05693;360.0;716.6666666666666;android;0;ANE-LX1;8.0.0;3.0
5bf9c5db293a990ba1fb744a;5bf9c5d3293a990ba1fb7448;851a41b0-6ff7-4c47-b691-05883f9be9e3;360.0;640.0;android;0;Redmi 4X;7.1.2;2.0
5bf9c77f293a990ba1fb7464;5bf9c775293a990ba1fb7463;757cabab-b711-4bc6-9dd9-80262dc97aec;360.0;640.0;android;0;SM-J710F;7.0;2.0
5bfa0fcb1eb4332b1c092838;5bfa0fcb1eb4332b1c092837;F9F8D4E7-04D8-4DF8-A7CE-F2BBD4476D07;375.0;667.0;ios;0;iPhone - Ολυμπία;unkonown;2.0
5bfa4a0f1eb4332b1c092887;5bfa4a0e1eb4332b1c092886;3cefcedf-837f-4502-b859-826cee6e793f;360.0;640.0;android;0;Redmi Note 4;6.0;3.0
5bfa69631eb4332b1c092c4f;5bfa69581eb4332b1c092c4e;666527e5-3bd3-42cc-aede-d1ae8b06795a;320.0;524.0;android;0;LG-H340n;5.0.1;1.5
5bfa6dce1eb4332b1c092c93;5bfa6dce1eb4332b1c092c92;8f69904c-b647-44a7-a012-01e6b171f568;360.0;716.6666666666666;android;0;ANE-LX1;8.0.0;3.0
5bfa8d581eb4332b1c092f88;5bfa8d581eb4332b1c092f87;ce4fb121-26fe-408a-860f-c3b86cb26d45;360.0;640.0;android;0;Redmi Note 4;7.0;3.0
5bfaa4f81eb4332b1c09314f;5bfaa4f81eb4332b1c09314e;20a7565b-a9a4-4d00-b879-2e427ecb4bf3;360.0;640.0;android;0;Lenovo A6020a40;5.1.1;2.0
5bfabc091eb4332b1c0933e7;5bfabc031eb4332b1c0933e6;873d77bc-b77a-4b82-ba3f-2ed5ee1d494d;360.0;640.0;android;0;SM-J510FN;7.1.1;2.0
5bfaeecc1eb4332b1c093780;5bfaeec21eb4332b1c09377e;e9f075f1-ebd0-4888-b295-4baa94d1b2cb;360.0;640.0;android;0;Redmi 4;6.0.1;3.0
5bfb04df1eb4332b1c0938ca;5bfb04de1eb4332b1c0938c9;e66dc5ef-c9b9-4042-854e-bc326b33e138;411.42857142857144;731.4285714285714;android;0;SM-J730F;8.1.0;1.96875
5bfb0a151eb4332b1c093907;5bfb09dd1eb4332b1c093904;f6b532e2-7fe6-48e9-abb7-517f8c64918c;360.0;640.0;android;0;TA-1033;8.1.0;3.0
5bfb13b51eb4332b1c0939a1;5bfb13ad1eb4332b1c09399f;0f402efd-3a09-404a-93a7-fb400c19f900;360.0;640.0;android;0;Redmi 5A;7.1.2;2.0
5bfb16aa1eb4332b1c0939e2;5bfb16aa1eb4332b1c0939e0;e9acfbdb-d3d2-4917-a5e8-9e6a59f0f861;392.72727272727275;738.1818181818181;android;0;Redmi 5 Plus;8.1.0;2.75
5bfb34ed1eb4332b1c093bac;5bfb34e71eb4332b1c093baa;49fa5168-bb13-4b32-8a13-bcb23553e0d8;411.42857142857144;797.968253968254;android;0;SM-A605FN;8.0.0;1.96875
5bfb93b51eb4332b1c093d3c;5bfb93b41eb4332b1c093d3b;95a703e3-5de5-4eea-bf43-22acf7efcd07;360.0;640.0;android;0;VTR-L09;8.0.0;3.0
5bfba29f1eb4332b1c093d88;5bfba29f1eb4332b1c093d87;b6ee350d-86fd-4768-be17-3dd71bbb2a0a;360.0;640.0;android;0;Redmi 4X;7.1.2;2.0
5bfbad701eb4332b1c093df0;5bfbad6e1eb4332b1c093def;0cd7ce4b-c739-42ec-910b-81617b21d556;423.5293998850261;704.705862586474;android;0;F3111;7.0;1.7000000476837158
5bfbd1cc1eb4332b1c094008;5bfbd1cc1eb4332b1c094007;02584354-4a1b-46d7-bf71-d052c037e1e4;360.0;640.0;android;0;Redmi Note 5A Prime;7.1.2;2.0
5bfbe6a91eb4332b1c09425d;5bfbe6a41eb4332b1c09425a;6061b20a-952d-4c0f-90fc-f851102b2d2d;360.0;640.0;android;0;Redmi Note 4;7.0;3.0
5bfbeda31eb4332b1c0942ef;5bfbeda21eb4332b1c0942ee;3a1940ec-4b06-41ed-81fc-04eb27f26112;360.0;640.0;android;0;Redmi Note 4X;6.0;3.0
5bfbfb48417969d891dce05a;5bfbfb48417969d891dce059;97514EAF-AC95-43E7-9E9B-3C34CAE561BB;320.0;568.0;ios;0;iPhone - Xrusa;unkonown;2.0
5bfbfb87417969d891dce063;5bfbfb87417969d891dce062;1a06344b-5bed-4841-ac64-701c31cc0660;360.0;604.0;android;0;HUAWEI VNS-L31;7.0;3.0
5bf86e94293a990ba1fb5c7f;5bf86e92293a990ba1fb5c7e;202860d5-35b7-4806-9d1e-02ee967eb5a0;423.5294196844927;705.0980524006648;android;0;Moto G (4);7.0;2.549999952316284
5bf88652293a990ba1fb5ea2;5bf88652293a990ba1fb5ea1;06ba65ad-ce67-4801-ac5d-94d851188af4;360.0;640.0;android;0;SM-A300FU;6.0.1;1.5
5bf88b03293a990ba1fb5f12;5bf88ae5293a990ba1fb5f0d;5c679090-52bd-43fb-a462-f3d2961a3efb;360.0;604.0;android;0;ALE-L21;6.0;2.0
5bf88bfb293a990ba1fb5f2c;5bf88bee293a990ba1fb5f2a;ad2521e0-70f5-4e82-8f35-9b21acae2122;360.0;640.0;android;0;Mi A1;8.1.0;3.0
5bf8a91c293a990ba1fb6131;5bf8a916293a990ba1fb6130;846b9daf-a33f-448c-bc98-e2fff3b9d1c4;360.0;640.0;android;0;SM-J710F;6.0.1;2.0
5bf901fc293a990ba1fb6210;5bf901f6293a990ba1fb620f;5ba6e71c-6362-440d-947c-0abf064d0997;360.0;640.0;android;0;Redmi Note 4;7.0;3.0
5bf91ce9293a990ba1fb64ff;5bf91ce9293a990ba1fb64fe;a1bb426d-a301-469c-a1c6-9c624838dbc1;360.0;592.0;android;0;iQR300;6.0;2.0
5bf927d7293a990ba1fb65f2;5bf927d1293a990ba1fb65f1;427f94a2-1808-426f-a9dc-693b5cd0d615;360.0;598.0;android;0;LG-D855;6.0;4.0
5bf94809293a990ba1fb68b6;5bf94809293a990ba1fb68b4;3b2c3434-1f8a-4a59-82e8-3251dd627e38;360.0;640.0;android;0;SM-J510FN;7.1.1;2.0
5bf94c07293a990ba1fb6913;5bf94c02293a990ba1fb6911;d13c265a-6322-4828-b824-94e7f950dd96;360.0;640.0;android;0;Lenovo Z90-7;5.1;3.0
5bf98343293a990ba1fb6ca2;5bf98343293a990ba1fb6ca1;61973715-4B46-495C-83C3-2EB0A45AA91C;375.0;667.0;ios;0;iPhone - Xaris;unkonown;2.0
5bf9b159293a990ba1fb6f96;5bf9b158293a990ba1fb6f95;da4d4781-e95a-4cf1-9a52-07c1a068890a;320.0;568.8888888888889;android;0;SM-J510FN;7.1.1;2.25
5bf9b6b5293a990ba1fb7099;5bf9b6b5293a990ba1fb7098;d6e85724-6720-4e8a-b321-41acf01fa893;360.0;640.0;android;0;SM-J510FN;7.1.1;2.0
5bf9dfc11eb4332b1c0922a2;5bf9dfc11eb4332b1c0922a1;27644dfa-13ae-4c25-9f0b-b89f1780603d;411.42857142857144;731.4285714285714;android;0;SM-J730F;7.0;1.96875
5bf9e9e51eb4332b1c09253a;5bf9e9e51eb4332b1c092539;cdfb1dc4-ac40-4ae1-96fe-21fde481fbf2;360.0;640.0;android;0;Redmi 4X;7.1.2;2.0
5bfa618a1eb4332b1c092ab7;5bfa618a1eb4332b1c092ab6;f48954bd-5f2d-44ff-a06a-7a51fd59a76b;360.0;604.0;android;0;ALE-L21;6.0;2.0
5bfab8911eb4332b1c09339f;5bfab8911eb4332b1c09339d;3EE1782B-8BBC-4DA6-9CC3-3D5997F7BB21;375.0;667.0;ios;0;iPhone - Efi;unkonown;2.0
5bfabc831eb4332b1c0933f0;5bfabc811eb4332b1c0933ef;0654c76c-808d-4dcc-b335-333e66eb0eed;360.0;592.0;android;0;ASUS_X008D;7.0;2.0
5bfac24c1eb4332b1c093442;5bfac24b1eb4332b1c093441;854d22db-39f0-4e62-9d24-44175eed7ec0;360.0;592.0;android;0;E6653;7.1.1;3.0
5bfb05891eb4332b1c0938cf;5bfb05771eb4332b1c0938ce;c5090eaf-caef-4349-974e-264bff2d4e44;360.0;640.0;android;0;SM-A520F;8.0.0;2.25
5bfb81501eb4332b1c093d2f;5bfb81501eb4332b1c093d2e;ffef086e-bceb-43a6-b0c1-afb38b9db4b1;360.0;640.0;android;0;Redmi 5A;7.1.2;2.0
5bfba3631eb4332b1c093d8d;5bfba3631eb4332b1c093d8c;7e9fd27b-5627-4f2c-b3a8-4748ee25e7e2;360.0;640.0;android;0;SM-G920F;7.0;4.0
5bfbb65b1eb4332b1c093e6c;5bfbb65a1eb4332b1c093e6b;26c214b8-08f1-4bd3-90c1-fb6f73aad13e;360.0;604.0;android;0;PRA-LX1;7.0;3.0
5bfbbf811eb4332b1c093efc;5bfbbf751eb4332b1c093efa;4745aaf8-26be-4bd0-a7c4-fd052db0f853;360.0;640.0;android;0;SM-A520F;8.0.0;2.25
5bfbd31d1eb4332b1c094064;5bfbd3171eb4332b1c09405c;B34627E9-8A15-4C10-BD76-07DA1763DA68;414.0;736.0;ios;0;iPhone - Γιώργος (2);unkonown;3.0
5bfbe8861eb4332b1c0942aa;5bfbe87f1eb4332b1c0942a8;ba0e9732-ce51-44fa-ba16-478635486e19;360.0;592.0;android;0;HTC One M9;7.0;3.0
5bfbfb84417969d891dce061;5bfbfb84417969d891dce05f;95b7dd23-4f4d-464f-877a-f1fa1b5b2d50;360.0;716.6666666666666;android;0;ANE-LX1;8.0.0;3.0
5bfc0493417969d891dce11f;5bfc0492417969d891dce11e;a1d48d02-fd72-4877-967d-5035806afcdc;360.0;592.0;android;0;F3111;7.0;2.0
5bfc1950417969d891dce2bb;5bfc1950417969d891dce2ba;4e271bf7-7546-491d-8a8e-ca68b8d74a45;360.0;604.0;android;0;HUAWEI VNS-L21;7.0;3.0
5bfc1bdc417969d891dce31f;5bfc1bda417969d891dce31e;53F6B061-8C71-4EFB-9739-D8D4BEC5F1B8;320.0;568.0;ios;0;iPhone - HPuser;unkonown;2.0
5bfc2685417969d891dce412;5bfc2685417969d891dce411;95925944-7401-4b7e-aa00-684a73165612;360.0;680.0;android;0;RNE-L21;7.0;3.0
5bfc28ff417969d891dce43c;5bfc28fe417969d891dce43b;5ed843ed-5325-479b-acc0-6f6d35e45060;360.0;604.0;android;0;HUAWEI VNS-L21;7.0;3.0
5bfc29e5417969d891dce452;5bfc29e5417969d891dce451;912549c9-74fa-42b6-bb62-15ff5c6299fb;360.0;598.0;android;0;FRD-L09;7.0;3.0
5bfc2ad5417969d891dce46e;5bfc2ad4417969d891dce46d;6f0dff21-f423-4e80-a001-bd459c697839;360.0;680.0;android;0;LND-L29;8.0.0;2.0
5bfc2dce417969d891dce4b6;5bfc2dcd417969d891dce4b5;4e7a24eb-8b4a-4cd1-9d4b-e86da3d7d477;411.42857142857144;797.968253968254;android;0;SM-A605FN;8.0.0;1.96875
5bfc36ea417969d891dce5b4;5bfc36e9417969d891dce5b2;db276423-d9bd-4963-a453-c04c71787ab2;360.0;640.0;android;0;SM-A300FU;6.0.1;1.5
5b55fee9582e8f0c178c2b1b;5b55fee9582e8f0c178c2b1a;eba3c49d-d47b-4f6f-8d16-cdea24e94272;360.0;640.0;android;0;;;
5b5b75caed261d61ede3dbaa;5b5b75c8ed261d61ede3dba9;ac56d084-c553-499f-99cb-3202440fb7f6;360.0;640.0;android;0;;;
5b5dada9ed261d61ede43050;5b5dada9ed261d61ede4304f;b268a3ec-00a3-4e7a-8ab5-b9626bbe8a9d;360.0;640.0;android;0;;;
5b60209bed261d61ede47b65;5b60209bed261d61ede47b64;73596b4b-9dfc-4fce-aa48-0808761419ce;360.0;640.0;android;0;;;
5b60da53ed261d61ede487f2;5b60da53ed261d61ede487f1;07d91635-dc54-40a2-9e88-b075a52bd5c9;360.0;640.0;android;0;;;
5b61da8ced261d61ede48c0d;5b61da8bed261d61ede48c0c;3dab0a29-f96d-4c2d-ae6a-2fccd3e61a6a;360.0;640.0;android;0;;;
5b61daa8ed261d61ede48c10;5b61daa7ed261d61ede48c0f;d51a3bda-afd3-4943-b7fc-599852de6e06;360.0;598.0;android;0;;;
5b62460fed261d61ede48dfb;5b62460fed261d61ede48dfa;4df5f8b7-effe-48af-93a5-4dfe0f373f78;411.42857142857144;731.4285714285714;android;0;;;
5b696cbded261d61ede4a5e1;5b696cbded261d61ede4a5e0;5098e120-1128-4255-8856-6bcc192c396f;360.0;680.0;android;0;;;
5b76dae6ed261d61ede4bf57;5b76dae5ed261d61ede4bf56;7223a866-9fc4-46dc-9c21-88b02dfa5957;320.0;533.3333333333334;android;0;;;
5b84a64cb8d4d054559c5b2e;5b84a64bb8d4d054559c5b2d;3F54098E-FC36-453F-804C-E6B1CB9B6A73;375.0;667.0;ios;0;;;
5b85cabab8d4d054559c71c1;5b85cabab8d4d054559c71c0;FBEF375D-15B4-4668-ADD0-39CD7F857544;375.0;667.0;ios;0;;;
5b860071b8d4d054559c7317;5b860070b8d4d054559c7316;1DFA9EAD-8917-403C-90B2-3020650989F6;414.0;736.0;ios;0;;;
5b878c73b8d4d054559c89d2;5b878c72b8d4d054559c89d1;e86dad48-4353-4e00-a5d1-2df79ce27d10;392.72727272727275;738.1818181818181;android;0;;;
5b882158b8d4d054559c8efd;5b882157b8d4d054559c8efc;74491690-5755-49c2-a0cf-4b88289b1777;360.0;640.0;android;0;;;
5b8827a4b8d4d054559c8f31;5b8827a3b8d4d054559c8f30;d7862292-8700-474c-95b1-31c174d80221;360.0;640.0;android;0;;;
5b883289b8d4d054559c8f6d;5b883289b8d4d054559c8f6c;becc4422-ee5b-4bd5-a8df-c72f3c41ca51;360.0;640.0;android;0;;;
5b883f4ab8d4d054559c9212;5b883f4ab8d4d054559c9211;32f9929e-1523-48d8-8bf5-937abf0bea64;360.0;640.0;android;0;;;
5bfc437d417969d891dce6e4;5bfc437c417969d891dce6e3;8c9d79f1-a287-4ca7-abe5-7cf0730faddb;360.0;596.0;android;0;MYA-L41;6.0;2.0
5bfc51ad417969d891dce897;5bfc51ac417969d891dce896;796d31fd-3bd4-4148-871d-cbdabd785be8;360.0;598.0;android;0;FRD-L04;7.0;3.0
5bfc6b73417969d891dceb83;5bfc6b73417969d891dceb82;62bea150-869e-4ac9-93e8-f419287bde4c;360.0;604.0;android;0;HUAWEI VNS-L31;7.0;3.0
5bfc87ae417969d891dced54;5bfc87ae417969d891dced53;069c85e1-2611-4c69-a68f-12c8bfb943e8;360.0;640.0;android;0;Redmi 4X;7.1.2;2.0
5bfc91fd417969d891dcede0;5bfc91fc417969d891dcedde;68886064-08dd-43e8-9b77-f5264e7e1734;360.0;640.0;android;0;SM-A500FU;6.0.1;2.0
5bfceb3f417969d891dceece;5bfceb3f417969d891dceecd;d59d811e-424e-4d14-b9eb-c79cb9f6b84c;360.0;640.0;android;0;Neffos X1 Max;7.0;3.0
5bfcfc7d417969d891dceef9;5bfcfc7d417969d891dceef7;353611fe-6d37-4de3-b353-f18794e84347;360.0;640.0;android;0;SM-J500FN;6.0.1;2.0
5bfd03d3417969d891dcef28;5bfd03d2417969d891dcef27;da18ac4e-7265-48da-bdd0-225891c8bea2;360.0;640.0;android;0;Lenovo P1a42;6.0.1;3.0
5bfd080b417969d891dcef3b;5bfd080b417969d891dcef3a;dd3f0c21-75cf-4eca-9352-7a71b5c6fd52;360.0;640.0;android;0;SM-A300FU;6.0.1;1.5
5bfd0eea417969d891dcef7e;5bfd0eea417969d891dcef7d;1b87a951-55de-4ebd-b664-a70e2acc5ca2;360.0;640.0;android;0;SM-J530F;7.0;2.0
5bfd1626417969d891dcefe2;5bfd1626417969d891dcefe1;2dd6f82c-e721-4a15-9fe9-ba8ba88d0053;360.0;640.0;android;0;SM-G900F;6.0.1;3.0
5bfd272c417969d891dcf10f;5bfd272c417969d891dcf10e;15bec32a-3f6d-461d-a80e-1474ff92bd03;360.0;640.0;android;0;SM-J320F;5.1.1;2.0
5bfd3291417969d891dcf155;5bfd3291417969d891dcf154;1248d71e-a158-4bf4-8a7c-d66a09ad57c5;360.0;640.0;android;0;SM-J320F;5.1.1;2.0
5bfd3d79417969d891dcf1d3;5bfd3d79417969d891dcf1d1;ce7c1a1c-2d74-42ce-ab0b-4b0a05d39afc;411.42857142857144;797.7142857142857;android;0;SM-G955F;8.0.0;2.625
5bfd3f21417969d891dcf201;5bfd3f21417969d891dcf200;002bfa87-0052-459e-bdae-4d9e1693f5ab;360.0;640.0;android;0;Redmi 4X;7.1.2;2.0
5bfd46f2417969d891dcf296;5bfd46f1417969d891dcf295;ad021494-803c-4321-bcb3-0110f3693b31;360.0;598.0;android;0;WAS-LX1;8.0.0;3.0
5bfd4af3417969d891dcf2e4;5bfd4af3417969d891dcf2e3;831c753f-1c1b-44d6-af0b-6714d1fc5096;360.0;592.0;android;0;D6503;6.0.1;3.0
5bfd4af3417969d891dcf2e6;5bfd4af3417969d891dcf2e5;c06c612b-5b07-4f23-82e5-7e8688fca0c1;360.0;640.0;android;0;SM-A520F;8.0.0;2.25
5bfd57de417969d891dcf3fd;5bfd57de417969d891dcf3fc;09c72ffc-1767-41a2-a006-74b2a49d321a;360.0;592.0;android;0;D6503;6.0.1;3.0
5bfd638c417969d891dcf526;5bfd638a417969d891dcf525;5cb5bf92-7a39-4d72-b046-243732a1ace7;360.0;640.0;android;0;CUBOT_NOTE_S;6.0;2.0
5bfd6999417969d891dcf5a9;5bfd6999417969d891dcf5a8;5f4fc5eb-b101-4401-a8a1-266b62e0d9d5;360.0;712.0;android;0;Mi A2 Lite;8.1.0;3.0
5bfd7fac417969d891dcf6b8;5bfd7fab417969d891dcf6b7;b8d9d33d-a6da-477d-97a5-c1d610203ace;360.0;640.0;android;0;SM-A500FU;6.0.1;2.0
5bfd837a417969d891dcf707;5bfd837a417969d891dcf706;04dd60d7-5512-49a7-9e08-ed0da97a320a;360.0;640.0;android;0;Redmi Note 4;6.0;3.0
5bfd8a82417969d891dcf79e;5bfd8a82417969d891dcf79c;ed5f2c07-cc4d-4b5c-adc4-b1f3e36016bf;360.0;640.0;android;0;Redmi Note 5A;7.1.2;2.0
5bfd8fba417969d891dcf7db;5bfd8fba417969d891dcf7da;203CCC05-3128-4708-9372-E092848018A7;375.0;812.0;ios;0;Freedom;unkonown;3.0
5bfd9202417969d891dcf7fc;5bfd9202417969d891dcf7fa;bb8d345d-76c0-4452-927b-fda261f02966;360.0;692.0;android;0;SM-A530F;8.0.0;2.25
5bfd94c4417969d891dcf819;5bfd94c4417969d891dcf818;C59F1B28-8C0C-4C86-9BEC-664F0C3D8860;375.0;667.0;ios;0;George Peftitselis iPhone;unkonown;2.0
5bfd95bc417969d891dcf828;5bfd95bc417969d891dcf827;42f95256-ee66-4d68-92e9-e8d8874cb8fc;360.0;604.0;android;0;HUAWEI VNS-L21;7.0;3.0
5bfd9cca417969d891dcf894;5bfd9cca417969d891dcf893;fa409e66-ea0d-48d9-b7b3-22447d9839de;360.0;604.0;android;0;HUAWEI VNS-L21;7.0;3.0
5bfda573417969d891dcf957;5bfda573417969d891dcf956;474579a0-3f4e-450a-b8d8-1a499757b9ba;392.72727272727275;738.1818181818181;android;0;Mi MIX 2;8.0.0;2.75
5b8a7dcab8d4d054559cb157;5b8a7dc9b8d4d054559cb156;77273e37-4f29-477f-a598-2371bb70978e;360.0;640.0;android;0;;;
5b8c8e5db8d4d054559ccee9;5b8c8e5cb8d4d054559ccee8;42249083-A3DC-49A6-95DC-4F4EE4C60AC7;375.0;667.0;ios;0;;;
5b8da6dcb8d4d054559ce059;5b8da6dbb8d4d054559ce058;22116E25-E86C-44DA-BE53-FC7CE1F9F6BA;375.0;667.0;ios;0;;;
5b8e072db8d4d054559ce5eb;5b8e072db8d4d054559ce5ea;81C3C799-D20B-4BEC-AECE-E8B7737BCB0F;375.0;667.0;ios;0;;;
5b8f3f12b8d4d054559cfb3b;5b8f3f11b8d4d054559cfb3a;20843E11-F0FD-4230-AD6A-2919D64AF160;375.0;812.0;ios;0;;;
5b90437cb8d4d054559d06c1;5b90437cb8d4d054559d06c0;8AE7D638-D90D-40C1-8F4C-19650A8813B4;375.0;667.0;ios;0;;;
5b90d2c4b8d4d054559d0fb7;5b90d2c3b8d4d054559d0fb6;ce92471b-13d4-4bb5-a932-c32fd043909a;411.42857142857144;774.8571428571429;android;0;;;
5b90e2bdb8d4d054559d1189;5b90e2bdb8d4d054559d1188;7279394D-59FD-4163-9DB3-466DD255BE80;375.0;667.0;ios;0;;;
5b910bdcb8d4d054559d1353;5b910bdcb8d4d054559d1352;0e8fcf92-b29a-468d-beb8-3890a5155538;360.0;640.0;android;0;;;
5b91502f92f34d267567fffe;5b91502e92f34d267567fffd;D51E565E-F93B-49BD-A239-90B508C088F2;320.0;568.0;ios;0;;;
5b915f5b92f34d2675680207;5b915f5b92f34d2675680206;77175220-E882-4CE5-842A-04861218B8C1;375.0;667.0;ios;0;;;
5b920ec092f34d2675680b01;5b920ec092f34d2675680b00;044d9593-fedc-4bf3-8c3c-8b4cbc70e25f;360.0;598.0;android;0;;;
5b937b6492f34d26756825b1;5b937b6192f34d26756825b0;84ce26a1-a6a0-41e3-a7f7-ff676eb9b875;360.0;692.0;android;0;;;
5b93a2c592f34d2675682b24;5b93a2c592f34d2675682b23;276ea98e-5332-4ba3-b6e1-4e2d6d2b7a60;360.0;640.0;android;0;;;
5b9428c9fb41c45baeb2095e;5b9428c8fb41c45baeb2095d;7c662945-41e3-4eb2-a9c6-566708e5c03a;360.0;640.0;android;0;;;
5b943f7dfb41c45baeb21c3d;5b943f7dfb41c45baeb21c3c;d5403d4b-f692-4074-9e8f-1f14f795ab39;392.72727272727275;738.1818181818181;android;0;;;
5b94aa12fb41c45baeb25fab;5b94aa12fb41c45baeb25faa;dd783064-b32d-4e34-b9a3-321a977fb5c2;360.0;640.0;android;0;;;
5bfdb8bc417969d891dcfaa4;5bfdb8bb417969d891dcfaa3;CBC84BC1-BEC4-41B2-BDC9-E485C316EA06;375.0;667.0;ios;0;M.D's phone 2;unkonown;2.0
5bfdbf2e417969d891dcfb5a;5bfdbf2e417969d891dcfb58;20dd1d58-c218-4b03-8fae-a2fe9347debf;411.42857142857144;731.4285714285714;android;0;SM-J730F;8.1.0;1.96875
5bfdbf73417969d891dcfb65;5bfdbf73417969d891dcfb63;9C902DBC-629A-440B-B25A-93994BDBBEE1;320.0;568.0;ios;0;iPhone - Γιώτα;unkonown;2.0
5bfdc33c417969d891dcfbd8;5bfdc33c417969d891dcfbd7;009900eb-d211-45ac-a36e-c052122aa3ea;360.0;592.0;android;0;F3311;6.0;2.0
5bfe0d1d417969d891dcfdb6;5bfe0d1d417969d891dcfdb5;06a34f31-6071-4d1b-b023-9294f5d09105;360.0;692.0;android;0;SM-G950U;8.0.0;3.0
5bfe3178417969d891dcfe38;5bfe3178417969d891dcfe37;821ABFDD-6372-4D97-974F-D3E438B29712;375.0;667.0;ios;0;Veronica;unkonown;2.0
5bfe3867417969d891dcfe51;5bfe3866417969d891dcfe50;4af6af46-f979-44c9-981c-3e6bb67e59e6;411.42857142857144;731.4285714285714;android;0;SM-J510FN;7.1.1;1.75
5bfe495d417969d891dcfe69;5bfe495d417969d891dcfe68;CE5438CB-A126-4664-8BE4-5D3A8C744035;375.0;667.0;ios;0;iPhone - Αλεξία;unkonown;2.0
5bfe4ef4417969d891dcfe8e;5bfe4ef4417969d891dcfe8d;03d4ee8a-6c10-4edc-ad4c-c66d291b5a14;360.0;640.0;android;0;Redmi Note 4X;6.0;3.0
5bfe5527417969d891dcfebd;5bfe5527417969d891dcfebc;0982c558-64fb-4c48-86b0-f63f8997a53d;360.0;692.0;android;0;SM-A600FN;8.0.0;2.0
5bfe62c1417969d891dcfeeb;5bfe62c1417969d891dcfeea;d2bd8915-62a0-4bf5-8004-213ba2fa9dee;360.0;640.0;android;0;SM-G920F;7.0;3.0
5bfe72b0417969d891dcff5d;5bfe72b0417969d891dcff5c;0c3a8134-c46a-4b7c-b27c-9d5b7718453b;360.0;592.0;android;0;G3412;8.0.0;3.0
5bfe7c4f417969d891dcff77;5bfe7c4f417969d891dcff76;757775d7-cc79-48c9-ac5a-16cdfa3eab59;360.0;640.0;android;0;SM-A520F;8.0.0;2.25
5bfe97ff417969d891dd0104;5bfe97ff417969d891dd0103;61f9a5d7-82a4-4acc-972d-08ba19ac6417;411.42857142857144;731.4285714285714;android;0;SM-G930F;8.0.0;2.625
5bfe99b9417969d891dd0123;5bfe99b8417969d891dd0122;5159d97c-7c00-4f9f-a5ba-f5753f5a291e;360.0;640.0;android;0;SM-J530F;7.0;2.0
5bfe9c7a417969d891dd0165;5bfe9c7a417969d891dd0164;fe263966-a857-4bcb-9930-c98fc194da22;360.0;604.0;android;0;HUAWEI VNS-L21;7.0;3.0
5bfea43d417969d891dd0217;5bfea43d417969d891dd0216;4fbe7b90-0c89-4225-b62e-a4754001fe11;360.0;640.0;android;0;SM-G920F;7.0;3.0
5bfec109417969d891dd035b;5bfec108417969d891dd035a;b680ee26-fd8b-45b1-8944-17dce00e7240;360.0;640.0;android;0;TA-1021;8.1.0;3.0
5bfed429417969d891dd0413;5bfed428417969d891dd0412;7952FC2A-A451-4D29-B6AC-6A1BC3EB9C53;320.0;568.0;ios;0;iPhone SE;unkonown;2.0
5bfed5bc417969d891dd0428;5bfed5bc417969d891dd0427;00529878-DBBF-470B-AB97-C554B24A27EA;375.0;667.0;ios;0;iPhone - Panagiotis;unkonown;2.0
5bfedd55417969d891dd0463;5bfedd4d417969d891dd0462;9c767375-6409-41ca-a49f-c34b201629e7;360.0;672.0;android;0;Mi A2;8.1.0;3.0
5bfee113417969d891dd049f;5bfee111417969d891dd049e;9c2a97d5-b052-48e9-84d7-afd0c6e6ab2c;360.0;592.0;android;0;Nokia 2;7.1.1;2.0
5bfee7c8417969d891dd04fb;5bfee7c8417969d891dd04fa;5FA6215B-9ABD-4E2F-BD14-D04D70A3F574;320.0;568.0;ios;0;iPhone - Ilias;unkonown;2.0
5bff145f417969d891dd083a;5bff145f417969d891dd0839;3c710cc8-75ab-4010-9db6-7ca2d13853b5;360.0;592.0;android;0;XT1068;6.0;2.0
5bff8792417969d891dd0a84;5bff8791417969d891dd0a83;3fe180c3-d90a-47c5-a750-9852dc817379;360.0;672.0;android;0;X18;7.0;2.0
5bff9e23417969d891dd0a93;5bff9e23417969d891dd0a92;fa1098af-50f9-4189-bf5c-da70aa4a1413;360.0;640.0;android;0;Redmi Note 4;7.0;3.0
5bffa093417969d891dd0aa0;5bffa093417969d891dd0a9f;efa80638-4b33-4bd2-a0db-855b58aaf934;360.0;672.0;android;0;iQK700;7.0;3.0
5bffca7a417969d891dd0c3f;5bffca7a417969d891dd0c3e;91e12a0b-08c7-4667-9eb0-2ad74243de37;360.0;640.0;android;0;SM-G900F;6.0.1;3.0
5bffd348417969d891dd0ca9;5bffd348417969d891dd0ca8;0510F1C0-EA14-4C2A-AE06-9DD6EEE6B083;320.0;568.0;ios;0;iPhone;unkonown;2.0
5b94e409fb41c45baeb2add2;5b94e409fb41c45baeb2add0;9845a585-5ada-41c4-88c2-800bc55813fc;360.0;640.0;android;0;;;
5b94f358fb41c45baeb2c06e;5b94f358fb41c45baeb2c06d;4A455ECA-DF0C-4282-921F-3F1DF318D366;414.0;736.0;ios;0;;;
5b950814fb41c45baeb2cfe6;5b950814fb41c45baeb2cfe4;c83d89e9-553a-4369-af81-3dd2fd95e85f;360.0;640.0;android;0;;;
5b950967fb41c45baeb2d118;5b950966fb41c45baeb2d114;46e1c197-6ba3-470c-a001-8db2b1ca2ede;360.0;640.0;android;0;;;
5b9543f7fb41c45baeb3146d;5b9543f7fb41c45baeb3146c;ed9aca06-a3e1-4b52-a8ac-ec0867feb477;360.0;640.0;android;0;;;
5b95609ffb41c45baeb32c62;5b95609dfb41c45baeb32c61;82a0b8b3-8fb3-42b9-851f-2f123270a698;360.0;592.0;android;0;;;
5bfffeab417969d891dd0f52;5bfffeaa417969d891dd0f50;112d4b9c-8f37-4e05-925c-a3be9cefd25a;360.0;672.0;android;0;CUBOT_POWER;8.1.0;3.0
5c000486417969d891dd0f70;5c000486417969d891dd0f6f;f41d1f75-d509-4ccb-be06-59f699f29a8e;360.0;640.0;android;0;Mi-4c;5.1.1;3.0
5c000a88417969d891dd0fa6;5c000a88417969d891dd0fa5;92D84305-46F9-4791-8B9F-F2381A1B3119;375.0;667.0;ios;0;iSandybellove;unkonown;2.0
5c00213d417969d891dd1055;5c00213d417969d891dd1054;106fe6fc-bfb8-4e70-b10b-398ad9658fd1;392.72727272727275;738.1818181818181;android;0;Redmi Note 5;8.1.0;2.75
5c0023b8417969d891dd106e;5c0023b8417969d891dd106d;8630122e-e664-4986-83eb-9f59284089c3;360.0;604.0;android;0;SLA-L22;7.0;2.0
5c00267a417969d891dd1094;5c002679417969d891dd1093;d58d5810-6234-43c0-81ca-86cee830de4a;360.0;640.0;android;0;SM-A500FU;6.0.1;2.0
5c0031cd417969d891dd10fa;5c0031cd417969d891dd10f9;12a4ee0e-e097-4fda-8745-cbe50897ac51;360.0;640.0;android;0;SM-G903F;6.0.1;3.0
5c00465b417969d891dd11d7;5c00465b417969d891dd11d6;99d39a5b-0e63-4a07-9739-c7fe97729bfa;360.0;640.0;android;0;SM-A300FU;6.0.1;1.5
5c005e77417969d891dd1328;5c005e77417969d891dd1327;27641a63-4bee-49c0-bf97-074ef45b16a1;392.72727272727275;738.1818181818181;android;0;Redmi Note 5;8.1.0;2.75
5c006bcf417969d891dd13a0;5c006bcf417969d891dd139f;c15241e7-1615-4f85-909c-a68127a4d008;360.0;640.0;android;0;Redmi 4A;7.1.2;2.0
5c006f1a417969d891dd13d7;5c006f1a417969d891dd13d6;f730fa8a-80e6-485a-9214-53f01b1bcfa2;360.0;604.0;android;0;PRA-LX1;7.0;3.0
5c007054417969d891dd13ec;5c007054417969d891dd13eb;d9e877a8-1c25-4587-97d1-4d0a3decc740;360.0;640.0;android;0;Lenovo K33a48;7.0;3.0
5c00832a417969d891dd144a;5c00832a417969d891dd1449;40719d31-4083-424f-805d-77654a3d70ca;360.0;604.0;android;0;HUAWEI VNS-L21;7.0;3.0
5c016c61417969d891dd1566;5c016c61417969d891dd1564;a5cfd087-1074-414b-9bbd-1df34451cf20;360.0;640.0;android;0;SM-G925F;7.0;3.0
5c019401417969d891dd1640;5c019401417969d891dd163e;9d7e723e-e04c-4322-8313-778e20d30dc5;360.0;640.0;android;0;Redmi Note 5A Prime;7.1.2;2.0
5c0195aa417969d891dd1649;5c0195aa417969d891dd1647;267bc7bc-0dbf-48dc-af0b-42d94655e026;360.0;672.0;android;0;Redmi 6A;8.1.0;2.0
5c01a4ba417969d891dd172c;5c01a4ba417969d891dd172b;bf1fdee4-ffde-4d06-b711-7ebf8ec81223;360.0;640.0;android;0;SM-J500FN;6.0.1;2.0
5c01b6cc417969d891dd17c2;5c01b6cb417969d891dd17c1;f04a1d6c-ddfc-4cd4-8d13-c8a00e924a43;360.0;640.0;android;0;SM-J510FN;7.1.1;2.0
5c028701417969d891dd1c4e;5c028701417969d891dd1c4d;08d48589-905d-4118-be00-8c8178a54920;392.72727272727275;738.1818181818181;android;0;Redmi Note 5;8.1.0;2.75
5c0290b7417969d891dd1ca0;5c0290b7417969d891dd1c9f;d2c38af2-c19b-4985-a216-55334968cc14;392.72727272727275;738.1818181818181;android;0;Redmi Note 5;8.1.0;2.75
5c02b575417969d891dd1d16;5c02b575417969d891dd1d15;1074515c-02da-40b1-ad24-f898e310ef82;360.0;692.0;android;0;SM-G960F;8.0.0;3.0
5c02d2a9417969d891dd1df0;5c02d2a9417969d891dd1def;306bb4a5-def5-4686-8c56-a2bce0498aa4;360.0;640.0;android;0;Redmi Note 4;7.0;3.0
5c02de99417969d891dd1e36;5c02de99417969d891dd1e35;912f355d-b830-4c16-90e6-66cd24c41491;360.0;640.0;android;0;U007;6.0;2.0
5c02e78d417969d891dd1e7a;5c02e78d417969d891dd1e79;67c8ccb7-4a3f-4340-ac74-92ee366bc3a7;411.42857142857144;683.4285714285714;android;0;Nexus 5X;8.1.0;2.625
5c02eeef417969d891dd1eab;5c02eeef417969d891dd1eaa;fe2b6d0c-56da-43fd-8e49-2c80d9f77488;411.42857142857144;731.4285714285714;android;0;SM-G930F;8.0.0;2.625
5c02f149417969d891dd1ebf;5c02f149417969d891dd1ebe;496c5e4a-4685-4e5a-bdcd-96ab498a67c7;360.0;640.0;android;0;Redmi 4X;7.1.2;2.0
5c0316d2417969d891dd1f7f;5c0316d2417969d891dd1f7e;6f5ce6ad-c28f-4baf-a188-70a2df93211b;360.0;748.0;android;0;EML-L29;8.1.0;2.0
5c03dde5417969d891dd2228;5c03dde4417969d891dd2227;10630b4c-c29d-428f-9ce4-f1a30fc3763f;320.0;533.3333333333334;android;0;ZTE BLADE L110;5.1;1.5
5c03f8d2417969d891dd2276;5c03f8d1417969d891dd2275;56382574-6c4c-47b8-bc24-1e064877d7b0;360.0;640.0;android;0;Lenovo A7000-a;6.0;2.0
5c042309417969d891dd23dd;5c042309417969d891dd23dc;C8DF1D9D-03E5-473B-8FC6-062502C023F3;375.0;667.0;ios;0;iPhone;unkonown;2.0
5c043415417969d891dd2474;5c043415417969d891dd2473;2dd6a884-64bd-4628-9362-f20f863cb0a4;360.0;640.0;android;0;Redmi Note 4;7.0;3.0
5c044f39417969d891dd254d;5c044f39417969d891dd254c;eed11a35-18d5-4ab4-ae5a-fa1297f856a3;360.0;604.0;android;0;HUAWEI VNS-AL00;6.0;3.0
5c0508c7417969d891dd2685;5c0508c7417969d891dd2684;db1b7df5-edf5-41a2-9804-1184fcd6ef42;360.0;592.0;android;0;Moto G (4);7.0;3.0
5b958104fb41c45baeb358dc;5b958104fb41c45baeb358da;33757ba3-3a3f-45bb-a1ff-55b754a417a2;360.0;640.0;android;0;;;
5b95a522fb41c45baeb3882b;5b95a521fb41c45baeb38829;91c23d91-32c0-4c63-9090-c18e0b7ce708;360.0;640.0;android;0;;;
5b9637e7fb41c45baeb3d7a8;5b9637e7fb41c45baeb3d7a7;a5cf0e6c-03de-4e85-90a6-ce20fc70287c;360.0;640.0;android;0;;;
5b96749afb41c45baeb43d39;5b96749afb41c45baeb43d38;fd04f918-c7e3-49ef-85d1-e448be07704a;360.0;640.0;android;0;;;
5b967d82fb41c45baeb44163;5b967d81fb41c45baeb44162;9f4e91f1-c4b3-4ef6-b99f-43d8021b9c55;360.0;640.0;android;0;;;
5b96afeffb41c45baeb47980;5b96afeffb41c45baeb4797e;61423868-427f-4d7e-b426-89d55ff7c595;360.0;640.0;android;0;;;
5b96feedfb41c45baeb4d0e9;5b96feecfb41c45baeb4d0e5;f4219960-abeb-4dff-99fa-9cd7767a0e1f;360.0;604.0;android;0;;;
5b97cfbbfb41c45baeb572d3;5b97cfbafb41c45baeb572c6;7af5b44b-18a0-453a-8af4-85fdaa9401e4;360.0;604.0;android;0;;;
5c05281f417969d891dd2740;5c05281f417969d891dd273e;326B78F4-F948-4244-9A5F-0E48B4E48631;375.0;667.0;ios;0;Αγγελική;unkonown;2.0
5c0562a2417969d891dd28a9;5c0562a2417969d891dd28a8;cd6fa216-e9b3-49ed-9f75-941604f0740d;360.0;640.0;android;0;Redmi Note 4;7.0;3.0
5c057334417969d891dd28d9;5c057334417969d891dd28d8;E3846F1C-E23B-4EF2-AA12-E6CC5728BA0C;375.0;667.0;ios;0;Daddy who;unkonown;3.0
5c05c252417969d891dd29e1;5c05c252417969d891dd29e0;e0b8c607-8116-45df-8078-899c7670cada;360.0;604.0;android;0;ALE-L21;6.0;2.0
5c06415e417969d891dd2a70;5c06415e417969d891dd2a6f;B494E2D2-81C8-4886-9BF7-8B349623D2D1;320.0;568.0;ios;0;iPhone - jenny;unkonown;2.0
5c064f1b417969d891dd2a95;5c064f1b417969d891dd2a94;83f13d92-2a50-445f-8370-55bd6d965a47;411.42857142857144;683.4285714285714;android;0;Nexus 5X;8.1.0;2.625
5c064fd0417969d891dd2a9d;5c064fcf417969d891dd2a9c;81634a82-59bd-4a2d-8bae-e228b177f090;360.0;679.0;android;0;ATU-L31;8.0.0;2.0
5c0663ae417969d891dd2b11;5c0663ae417969d891dd2b10;78892db8-bf69-4761-8fef-ee45c4775d99;360.0;604.0;android;0;HUAWEI VNS-L31;7.0;3.0
5c06b28b417969d891dd2ca8;5c06b28b417969d891dd2ca7;546cdf74-7f58-4ed6-9592-1f7e85dc57be;360.0;672.0;android;0;Mi A2;8.1.0;3.0
5c06b9c2417969d891dd2cdc;5c06b9c2417969d891dd2cdb;35182bf9-00c8-4617-a4d6-6355404bdb96;360.0;640.0;android;0;Redmi Note 4;7.0;3.0
5c06c5cb417969d891dd2d1d;5c06c5cb417969d891dd2d1c;5e0ee0d0-9561-4ec4-bcef-a810bb1fcd67;360.0;640.0;android;0;Redmi 4X;7.1.2;2.0
5c06e612417969d891dd2dea;5c06e612417969d891dd2de8;51049c54-ca30-4531-a341-8d6f925e1af4;360.0;640.0;android;0;SM-A300FU;6.0.1;1.5
5c06f0f2417969d891dd2e79;5c06f0f1417969d891dd2e78;4931b9a6-141c-4412-b6fe-2579eb6a618f;360.0;604.0;android;0;ALE-L21;6.0;2.0
5c071690417969d891dd2f7e;5c071690417969d891dd2f7c;a1ad8f7b-88e0-4b0d-aa9e-273f4850f25f;360.0;604.0;android;0;EVA-L09;6.0;3.0
5c0792fb417969d891dd2fe6;5c0792fb417969d891dd2fe5;3026B55B-78D3-46FC-82BB-21433AE5BC24;375.0;667.0;ios;0;iPhone;unkonown;2.0
5c07a3d3417969d891dd301b;5c07a3d3417969d891dd301a;86798375-bfb9-4760-9252-4280dd157fb8;360.0;640.0;android;0;Redmi Note 4;7.0;3.0
5c07affe417969d891dd303a;5c07affd417969d891dd3039;4a141f54-6361-4b44-b793-4b124aa914f2;360.0;640.0;android;0;Redmi Note 5A Prime;7.1.2;2.0
5c07b549417969d891dd3054;5c07b548417969d891dd3053;e5a9469c-0944-432e-b2a5-4f732827c395;360.0;640.0;android;0;SM-J320FN;5.1.1;2.0
5c07b57f417969d891dd3056;5c07b57f417969d891dd3055;88457dba-bc6c-4823-b28c-c22e5abc6eed;411.42857142857144;731.4285714285714;android;0;SM-J510FN;7.1.1;1.75
5c07d934417969d891dd3120;5c07d934417969d891dd311f;da597a4a-7d77-48e3-89a3-947c9bfeea01;360.0;598.0;android;0;EVA-L09;7.0;3.0
5c081b52417969d891dd3310;5c081b52417969d891dd330f;15f9e793-79d5-437b-b0fb-acc30f92f8b0;360.0;604.0;android;0;ALE-L21;6.0;2.0
5c0837f3417969d891dd3397;5c0837f3417969d891dd3396;698cf267-5055-46f0-a392-0ce44b178676;360.0;672.0;android;0;Redmi 5;7.1.2;2.0
5c084c73417969d891dd343b;5c084c72417969d891dd343a;7e611005-a28f-4f92-82da-2132fe32f088;360.0;640.0;android;0;Redmi 4X;7.1.2;2.0
5c086c2a417969d891dd34e9;5c086c2a417969d891dd34e8;F3E32A48-D87F-4F8E-8E91-490531A3130B;375.0;667.0;ios;0;iPhone - Thanasis;unkonown;2.0
5c091107417969d891dd3622;5c091107417969d891dd3621;81ec27fb-e443-40ad-968d-cf0935d874aa;360.0;672.0;android;0;Redmi 6A;8.1.0;2.0
5c0922a3417969d891dd3676;5c0922a2417969d891dd3675;b1c1596a-1b3b-4e53-8230-d6a26a51395f;360.0;598.0;android;0;WAS-LX1;8.0.0;3.0
5c0959c4417969d891dd37a8;5c0959c2417969d891dd37a7;af4c2fc9-4962-4591-911b-94e160d49273;392.72727272727275;738.1818181818181;android;0;Redmi Note 5;8.1.0;2.75
5c096bf7417969d891dd38e3;5c096bf7417969d891dd38e1;03f144bb-abd5-4c32-9b3f-e1d28303065f;360.0;705.3333333333334;android;0;EML-L29;8.1.0;3.0
5c0a6dfb417969d891dd3b0d;5c0a6dfa417969d891dd3b0c;c34f7bfe-93f2-4886-8307-85f0954f0349;360.0;640.0;android;0;Redmi Note 4;7.0;3.0
5c0a848f417969d891dd3b47;5c0a848f417969d891dd3b46;E66AD82E-E7F7-4589-999B-9B0303BD0704;375.0;667.0;ios;0;Nassos's iPhone;unkonown;2.0
5c0a8abf417969d891dd3bb9;5c0a8abe417969d891dd3bb8;5d7d4f7d-7c3b-4227-8834-6976303f97ef;457.14286636963834;812.6984291015792;android;0;ONEPLUS A3003;9;2.362499952316284
5c0a96cc417969d891dd3c37;5c0a96cb417969d891dd3c36;7b66c84d-aa84-47b2-a426-501ca259d57a;360.0;640.0;android;0;Redmi Note 4;7.0;3.0
5c0a9df0417969d891dd3c6d;5c0a9def417969d891dd3c6b;1e2dd561-88ae-4ec1-bcd4-e3cc5d2890bb;360.0;640.0;android;0;SM-J530F;7.0;2.0
5b980f7bfb41c45baeb5bb4c;5b980f7afb41c45baeb5bb4b;68ab4ab0-ab5b-4976-8ce6-563b8afef938;360.0;598.0;android;0;;;
5b984836fb41c45baeb60e5e;5b984836fb41c45baeb60e5d;e567bb73-d719-4dcf-acb9-1d3b9fd033bd;360.0;598.0;android;0;;;
5b98f8dcfb41c45baeb67b85;5b98f8dbfb41c45baeb67b80;e0876a5b-5cf8-4f7f-8997-ead6236e4010;360.0;598.0;android;0;;;
5b99313bfb41c45baeb6d6f0;5b99313bfb41c45baeb6d6ef;b249335d-0922-44a9-b17f-b6022faf4163;392.72727272727275;698.1818181818181;android;0;;;
5c0aff0c417969d891dd3e6e;5c0aff0c417969d891dd3e6d;F2E46F5B-726E-46BD-BD68-44AD2DED1B78;320.0;568.0;ios;0;iPhone - Μαριος;unkonown;2.0
5c0bc2e9417969d891dd407c;5c0bc2e9417969d891dd407b;2cb272a6-0e08-4b06-98ed-e8b934500764;360.0;640.0;android;0;SM-A310F;7.0;2.0
5c0bd27b417969d891dd40bc;5c0bd27b417969d891dd40bb;b8bab332-4723-4915-bda9-33557d5c4bc1;360.0;692.0;android;0;SM-A600FN;8.0.0;2.0
5c0bea11417969d891dd4143;5c0bea11417969d891dd4141;644585A5-4BB4-4403-B3B1-D64DAF483F23;414.0;736.0;ios;0;iPhone;unkonown;3.0
5c0c1842417969d891dd41ad;5c0c1842417969d891dd41ac;6e4ea245-8620-4ed6-a375-41a2eaaaa6d5;360.0;712.0;android;0;Mi A2 Lite;8.1.0;3.0
5c0c422a417969d891dd42b7;5c0c422a417969d891dd42b6;7753CE62-2FF1-4F04-B8F0-F7CB23B55785;375.0;667.0;ios;0;iPhone - Δήμητρα;unkonown;2.0
5c0c4aaa417969d891dd42fc;5c0c4aaa417969d891dd42fb;71c60252-3f14-449e-b9d5-41627f0bc96f;360.0;640.0;android;0;SM-G930F;8.0.0;3.0
5c0d3de0417969d891dd45ef;5c0d3de0417969d891dd45ee;734c9bdb-e9ba-4f1b-96b5-a05eed9f548d;360.0;640.0;android;0;SM-A520F;7.0;2.25
5c0d571f417969d891dd4710;5c0d571f417969d891dd470e;e7241a89-7a65-48fe-aa5d-94208909ccfa;360.0;640.0;android;0;SM-G900F;6.0.1;3.0
5c0d63eb417969d891dd4758;5c0d571f417969d891dd470e;5353d143-14af-4890-8387-1ba4e13acdcc;540.0;960.0;android;0;LGM-V300K;7.1.2;-1.0
5c0d65b9417969d891dd4765;5c0d65b7417969d891dd4764;74e244b9-db44-491c-abe1-dea783056419;360.0;680.0;android;0;RNE-L21;8.0.0;3.0
5c0d6e2b417969d891dd47b9;5c0d571f417969d891dd470e;03d6e510-32b0-4724-ba67-1647d01336c1;540.0;960.0;android;0;LGM-V300K;7.1.2;-1.0
5c0d762a417969d891dd47dd;5c0d571f417969d891dd470e;9ac7b204-75d3-41d9-a157-58b823d8a77c;540.0;960.0;android;0;LGM-V300K;7.1.2;-1.0
5c0d7810417969d891dd47e5;5c0d7810417969d891dd47e3;e127a712-6b5c-405e-a60b-d9554a739914;360.0;640.0;android;0;TA-1021;8.1.0;3.0
5c0d7c69417969d891dd47f4;5c0d571f417969d891dd470e;c63f7865-1fb4-4d9b-9c05-b88841c66ee3;360.0;640.0;android;0;SM-G900F;6.0.1;-1.0
5b9a6cfffb41c45baeb7d3c5;5b9a6cfffb41c45baeb7d3c4;66cd8819-2b3b-4da4-8b2d-c7ae0956c4cd;360.0;640.0;android;0;;;
5b9aa830fb41c45baeb7fc28;5b9aa82ffb41c45baeb7fc26;4567a2c4-a7b1-4004-88fb-e616803c6719;360.0;604.0;android;0;;;
5b9b1d27fb41c45baeb855fd;5b9b1d27fb41c45baeb855fc;253AB432-04A6-4C73-9AD3-416A58681E49;414.0;736.0;ios;0;;;
5b9b8d17fb41c45baeb8aa3d;5b9b8d16fb41c45baeb8aa3c;a0b0cb55-b77e-49dd-a91d-24fe36fb1ee1;360.0;640.0;android;0;;;
5b9bd070fb41c45baeb910ec;5b9bd06ffb41c45baeb910eb;42d2bd6c-f551-4605-ae18-6611c5b2dd8b;360.0;598.0;android;0;;;
5b9be442fb41c45baeb92ce5;5b9be442fb41c45baeb92ce4;9CEC2944-2088-41F3-97AA-17989B0B4E7F;375.0;667.0;ios;0;;;
5b9c23b2fb41c45baeb9857c;5b9c23b2fb41c45baeb98579;b5ce53ea-7c8a-4318-9bf2-68d481934c56;360.0;640.0;android;0;;;
5b9cd240fb41c45baeba1d8e;5b9cd240fb41c45baeba1d8d;561530e4-9dfa-4c1a-9a9a-abfb7c0fc5f5;411.42857142857144;731.4285714285714;android;0;;;
5b9d0485fb41c45baeba5f78;5b9d0484fb41c45baeba5f76;561edcc0-7839-40fe-87b9-9230021e6c4f;392.72727272727275;738.1818181818181;android;0;;;
5b9d2db5fb41c45baeba8e91;5b9d2db4fb41c45baeba8e8e;4c952390-9009-434d-ab53-7c7e9827462f;360.0;640.0;android;0;;;
5b9d42b7fb41c45baebaa85c;5b9d42b6fb41c45baebaa859;945ff6b9-11b5-465a-9d14-a46045f1560d;360.0;640.0;android;0;;;
5b9d532ffb41c45baebabf55;5b9d532ffb41c45baebabf54;28fa4b54-9e21-46fd-b3f6-c03295f42db7;360.0;640.0;android;0;;;
5b9d66adfb41c45baebad877;5b9d66acfb41c45baebad876;5d6dfb0a-4efa-493f-83d7-0a2ad9cf97cb;360.0;640.0;android;0;;;
5b9d68aefb41c45baebadbd2;5b9d68aefb41c45baebadbd1;60bf354d-7ec7-41e3-ad23-f45c2b91dfba;360.0;592.0;android;0;;;
5b9e1815fb41c45baebb5579;5b9e1815fb41c45baebb5578;f692f0bb-e4b6-407a-a60d-cdad3d8056b1;360.0;640.0;android;0;;;
5b9e192bfb41c45baebb568f;5b9e192bfb41c45baebb568e;d914a637-c56a-4165-a24a-c9a30020c132;360.0;692.0;android;0;;;
5b9e6862fb41c45baebbaf1f;5b9e6861fb41c45baebbaf1e;11352523-b315-4d9f-be07-6982b0b53dd7;360.0;592.0;android;0;;;
5b9f67defb41c45baebc4bfa;5b9f67ddfb41c45baebc4bf9;9fd7635b-81da-4b8d-ba9f-6a918d6eedab;360.0;640.0;android;0;;;
5b9fd311fb41c45baebcaa95;5b9fd310fb41c45baebcaa94;e4f94743-f6f9-4a9f-aaf5-66e7d49a6c80;360.0;592.0;android;0;;;
5b9fffacfb41c45baebcceb1;5b9fffaafb41c45baebcceac;9c12217d-ca0f-4538-99bf-742e3cfae174;360.0;640.0;android;0;;;
5ba00429fb41c45baebcda00;5ba00428fb41c45baebcd9f9;94fd7e26-fcb4-4948-bd19-d01fe0508bbc;360.0;640.0;android;0;;;
5ba2167efb41c45baebec0ba;5ba2167dfb41c45baebec0b9;0cbf1469-873c-4f29-b9f4-f56eb31973ea;423.5294196844927;705.0980524006648;android;0;;;
5ba27bfefb41c45baebf4bd3;5ba27bfdfb41c45baebf4bd2;3f26ebb5-537f-41d3-a4dc-1ec9a5b8a344;360.0;640.0;android;0;;;
5ba2ba10fb41c45baebfaaf5;5ba2ba10fb41c45baebfaaf4;ca07f25b-8479-4a2f-b879-a7f5d6fd4baf;360.0;604.0;android;0;;;
5ba6069dfb41c45baec3f485;5ba6069dfb41c45baec3f484;A0EBA549-0573-40AD-B1D2-4DBEA357B3C7;375.0;667.0;ios;0;;;
5ba76936fb41c45baec4d536;5ba76936fb41c45baec4d534;36ea0f60-c325-40cb-b671-1d6b210dfa44;360.0;640.0;android;0;;;
5ba85b09fb41c45baec58d7f;5ba85b09fb41c45baec58d7e;bded67b6-7a3d-474b-8289-72c2ffb5a1a7;392.72727272727275;738.1818181818181;android;0;;;
5bb8802e7715a165b7816a1a;5bb8802e7715a165b7816a19;b7e3c22b-2d14-4f5b-9485-37f125d6d8cf;411.42857142857144;797.7142857142857;android;0;;;
5bb9faf07715a165b781a15e;5bb9faed7715a165b781a15d;26ebda2e-1487-4491-b761-948f30a892a3;360.0;640.0;android;0;;;
5bba29817715a165b781a4ea;5bba29807715a165b781a4e9;317E6C2F-B8CE-40CD-8D9F-D0ADB1DD15DC;320.0;568.0;ios;0;;;
5bbc60b108e8e43418315df8;5bbc60b108e8e43418315df7;1706d92f-c9d5-49cc-b699-5c6fe126ade2;360.0;640.0;android;0;SM-J510FN;7.1.1;2.0
5bbe0f6d08e8e4341831752d;5bbe0f6d08e8e4341831752c;4fa57956-d266-41b9-a010-c06869f923a9;411.42857142857144;731.4285714285714;android;0;ONEPLUS A5000;8.1.0;2.625
5bc349b908e8e4341831964a;5bc349b908e8e43418319649;6085460e-8568-4b85-bce9-b04b87687b5f;360.0;640.0;android;0;Redmi Note 4;7.0;3.0
5bc644ef08e8e43418319f13;5bc644ee08e8e43418319f12;e08837e4-edc9-4a97-b24d-3823ed88cf2d;360.0;640.0;android;0;SM-J530F;7.0;2.0
5bc73a2408e8e4341831a45f;5bc73a2408e8e4341831a45e;d2e2ad54-4fab-406f-b7b6-d53f4e6435ce;360.0;640.0;android;0;SM-J320FN;5.1.1;2.0
5bccd86aa47b1c4225cfcf8c;5bccd86aa47b1c4225cfcf8b;CDFFB818-7A47-423E-80C6-ACEBDCCC5E5B;320.0;568.0;ios;0;iPhone;unkonown;2.0
5bce3d13a47b1c4225cfde8f;5bce3d13a47b1c4225cfde8e;21b18993-17ac-4994-89fa-b072d6d678c3;360.0;640.0;android;0;Redmi 4X;7.1.2;2.0
5bcf5c352407d0256685be36;5bcf5c352407d0256685be33;7b9cf2c8-ad96-4178-8cdf-dcffbe863333;360.0;640.0;android;0;SM-N9005;5.0;3.0
5bcf65f02407d0256685c52b;5bcf65f02407d0256685c52a;fc9b90ae-7be6-47fc-9528-11f911893b89;360.0;640.0;android;0;Redmi Note 4;7.0;3.0
5bcf6c652407d0256685d0c5;5bcf6c642407d0256685d0bf;ea873faa-0b3c-49eb-8328-d725c62f36f6;360.0;640.0;android;0;Redmi 4X;7.1.2;2.0
5bcff3032407d025668647f1;5bcff3032407d025668647f0;599900f5-d994-4ba8-b630-5fbf2d2b56dc;360.0;677.3333333333334;android;0;FIG-LX1;8.0.0;3.0
5bd029182407d02566865e44;5bd029182407d02566865e43;708dd645-020f-4888-a02d-57be2464db34;360.0;640.0;android;0;VTR-L09;8.0.0;3.0
5bd02f322407d0256686623f;5bd02f322407d0256686623e;1c6651d9-ddfb-4b75-aea2-fc8a5973eea4;423.5294196844927;752.9411905502093;android;0;Mi A1;8.1.0;2.549999952316284
5bd0356a2407d025668665a2;5bd035692407d025668665a1;37a18ca7-47df-42d6-8996-f24b06f3fb0a;392.72727272727275;738.1818181818181;android;0;Redmi Note 5;8.1.0;2.75
5bd043572407d02566866e01;5bd043572407d02566866e00;85086ae1-33ec-436f-bd82-1deae09b0711;360.0;640.0;android;0;SM-G930F;8.0.0;3.0
5bd04e432407d025668678a3;5bd04e422407d025668678a2;37fe35be-8a96-44ab-8a70-e6465db6e2e1;360.0;640.0;android;0;A0001;6.0.1;3.0
5bd0504a2407d02566867bac;5bd050492407d02566867baa;d83475f5-e118-4342-8a07-f27e9408d671;360.0;640.0;android;0;TA-1021;8.1.0;3.0
5bd1b2512407d0256686ea7c;5bd1b2502407d0256686ea7b;4280afba-5e8f-414a-b3c3-dac7fedb2e29;360.0;640.0;android;0;Redmi Note 3;6.0.1;3.0
5bd1b3352407d0256686eac3;5bd1b3352407d0256686eac2;92c09449-9f53-49d7-a08d-883dcb9ad956;360.0;640.0;android;0;SM-J500FN;6.0.1;2.0
5bd229882407d02566875077;5bd229812407d0256687506e;e4bbc91c-8069-4678-9e3a-7b166411b82d;411.42857142857144;731.4285714285714;android;0;SM-A310F;7.0;1.75
5bd25b7d2407d02566879251;5bd25b7d2407d02566879250;c4c2514c-9709-4475-853b-a956a297cf08;360.0;598.0;android;0;EVA-L09;7.0;3.0
5bd2dc482407d02566879c22;5bd2dc482407d02566879c21;1ee978f3-1860-4c3d-80bb-4aed194a7e20;320.0;569.3333333333334;android;0;Neffos C5a;7.0;1.5
5bd301af2407d0256687ab72;5bd301af2407d0256687ab71;e050957b-52be-4305-850b-063db98be0ff;360.0;592.0;android;0;HUAWEI CUN-L01;5.1;2.0
5bd421f72407d02566880150;5bd421f72407d0256688014f;1bd279ee-bc8a-4142-82f1-dfc0d79f053b;360.0;640.0;android;0;Mi A1;8.1.0;3.0
5bd476c42407d02566883423;5bd476bf2407d02566883420;c3e37abb-2aba-4978-beb8-0d04322f95d3;360.0;640.0;android;0;SM-J710F;6.0.1;-1.0
5bd4aca02407d0256688452c;5bd4ac9f2407d0256688452b;561d77d5-2d24-4045-a5b5-122f81a85969;360.0;598.0;android;0;PRA-LX1;8.0.0;3.0
5bd4f6f82407d02566885ac0;5bd4f6f72407d02566885abf;6cfa9051-663f-4762-815b-a57dec895fd5;360.0;640.0;android;0;SM-A510F;7.0;2.25
5bd58b242407d0256688718e;5bd58b242407d0256688718d;724C215B-466F-41F6-B9E4-BA2B80ECB8B7;414.0;736.0;ios;0;Gothy;unkonown;3.0
5bd58e462407d02566887658;5bd58e462407d02566887656;4847d4fc-2afb-42fd-983f-ca04ce034aee;360.0;596.5;android;0;LG-K220;6.0.1;2.0
5bd6cf042407d0256688a281;5bd6cf042407d0256688a280;9C7FA060-43A5-4F1B-8B45-AF71BC664509;414.0;736.0;ios;0;Gothy;unkonown;3.0
5bd73d3f2407d0256688bdd2;5bd73d3e2407d0256688bdd1;d3b3f449-ff23-4748-bfba-84aad719829c;360.0;640.0;android;0;Redmi Note 4;6.0;3.0
5bd8992f2407d02566895ab9;5bd8992e2407d02566895ab8;b5dfc7c7-4fbe-4f59-befd-e0fc6de23fa6;360.0;672.0;android;0;Nokia 3.1;8.0.0;2.0
5bdae17a2407d0256689fd8c;5bdae17a2407d0256689fd8a;2cec8cd1-738a-47fe-b8d9-8262ae791e1c;360.0;598.0;android;0;WAS-LX1;8.0.0;3.0
5bdbdddc2407d025668a5503;5bdbdddb2407d025668a5502;02918C47-1CA1-403C-B308-40D342BD83B7;375.0;812.0;ios;0;iPhone;unkonown;3.0
5be020502407d025668b34ed;5be0204f2407d025668b34ec;29359917-7017-45cc-99b6-1f9fb0863efa;360.0;592.0;android;0;ALE-L21;5.0.1;2.0
5be4545b2407d025668b6814;5be4545b2407d025668b6813;b4f65c01-8a47-4f9e-8e80-b57fb939408d;360.0;668.0;android;0;LG-M700;8.1.0;3.0
5be4a42e2407d025668b6a5a;5be4a42e2407d025668b6a59;3c8132d3-ff6d-456b-8ff9-52e698e383ea;411.42857142857144;731.4285714285714;android;0;SM-J330FN;7.0;1.75
5bedd02e72415c220f8c25cd;5bedd02e72415c220f8c25cc;0159EE33-3142-450A-B847-50497F1B5A97;375.0;812.0;ios;0;Kostas iPhone;unkonown;3.0
5bf4702472415c220f8c3deb;5bf4702472415c220f8c3dea;12e0ddfe-8d25-455c-b567-5000deafb95b;360.0;604.0;android;0;WAS-LX1A;7.0;3.0
5bf7cfdd44ffd56c19add92a;5bf7cfdd44ffd56c19add929;ff42cac5-b973-4382-9d72-9df4c25b25e4;360.0;604.0;android;0;WAS-LX1A;7.0;3.0
5bf7d18144ffd56c19adda64;5bf7d18144ffd56c19adda63;5f134a38-21ed-4b7a-adb3-220129267ae4;360.0;640.0;android;0;Redmi Note 4;7.0;3.0
5bf7d25444ffd56c19addbf1;5bf7d25244ffd56c19addbe7;180c3ea9-6086-43c6-b223-57902efccac0;360.0;640.0;android;0;SM-A310F;7.0;2.0
5bf7d2bf44ffd56c19addcdb;5bf7d2b744ffd56c19addcd3;732b1753-bbb8-4b11-98b1-53e87d4e7348;360.0;640.0;android;0;Redmi Note 4;7.0;3.0
5bf7d2fc44ffd56c19addd42;5bf7d2f344ffd56c19addd38;cfb46dbc-5caf-4cac-8f61-ddbd3ee09ec1;360.0;640.0;android;0;Redmi Note 4;7.0;3.0
5bf7d41044ffd56c19addf26;5bf7d40744ffd56c19addf16;38befef0-4cd8-4093-b0ea-ddbf3fa4b479;360.0;640.0;android;0;SM-J530F;7.0;2.0
5bf7d69844ffd56c19ade43b;5bf7d68d44ffd56c19ade41f;345bf677-29bc-4fd4-b504-ea00f03813a1;360.0;640.0;android;0;SM-J510FN;7.1.1;2.0
5bf7d6b044ffd56c19ade473;5bf7d6a944ffd56c19ade45c;533adefd-e2a8-40d7-a1c6-71f529b46b5a;360.0;604.0;android;0;HUAWEI VNS-L21;6.0;3.0
5bf7d74144ffd56c19ade5a6;5bf7d73d44ffd56c19ade58c;27ac504b-d416-4925-9a12-9ce625f68d7d;360.0;640.0;android;0;SM-A500FU;6.0.1;2.0
5bf7d75d44ffd56c19ade5eb;5bf7d74a44ffd56c19ade5cc;d0fbb696-1426-4ceb-911e-7fde96a34f0c;360.0;598.0;android;0;WAS-LX1;8.0.0;3.0
5bf7d81344ffd56c19ade729;5bf7d81144ffd56c19ade71c;11399359-12d5-47e8-bd1a-ab8c0a11f5e7;360.0;640.0;android;0;SM-A520F;8.0.0;2.25
5bf7d8b444ffd56c19ade860;5bf7d8ac44ffd56c19ade84f;a399ad5e-da3b-47f9-abe7-55a56f8b69a1;360.0;604.0;android;0;HUAWEI VNS-L21;7.0;3.0
5bf7d96744ffd56c19ade94f;5bf7d96044ffd56c19ade93e;1dffd744-ad18-4ca1-a077-d68109bac236;360.0;680.0;android;0;RNE-L21;8.0.0;3.0
5bf7d9a544ffd56c19ade994;5bf7d99444ffd56c19ade979;ddf2702b-91ca-48b0-891a-068bd7a6e591;360.0;640.0;android;0;Redmi Note 4;7.0;3.0
5bf7dd0c44ffd56c19adef4b;5bf7dcf144ffd56c19adef29;97c81d1a-3443-4ac3-92f4-64c19699370b;360.0;604.0;android;0;PIC-LX9;7.0;3.0
5bf7de6844ffd56c19adf200;5bf7de5044ffd56c19adf1b3;f88f6b9b-37e6-4d5b-a79a-33a73eee8eef;411.42857142857144;731.4285714285714;android;0;SM-J730F;8.1.0;1.96875
5bf7ded544ffd56c19adf2f9;5bf7debb44ffd56c19adf2b2;e4b30589-150d-4194-80de-b3fe5431d262;360.0;640.0;android;0;SM-A320FL;8.0.0;2.0
5bf7dedb44ffd56c19adf304;5bf7ded044ffd56c19adf2ea;934d97e4-e3b0-4329-abf8-c61481d89559;423.5293998850261;704.705862586474;android;0;Swift 2 Plus;8.1.0;1.7000000476837158
5bf7df9b44ffd56c19adf4f2;5bf7df8744ffd56c19adf4dc;e7560c61-2f11-481c-adba-0f8ae100cca2;360.0;712.0;android;0;Mi A2 Lite;8.1.0;3.0
5bf7e0b644ffd56c19adf70d;5bf7e0ac44ffd56c19adf6fe;27583532-e412-4333-85e6-be8a426b9f73;360.0;680.0;android;0;RNE-L21;8.0.0;3.0
5bf7e1e944ffd56c19adf975;5bf7e1df44ffd56c19adf948;1a47764b-0d64-4cf2-a880-f1058c8638cd;360.0;604.0;android;0;HUAWEI VNS-L21;6.0;3.0
5bf7e28544ffd56c19adfa86;5bf7e27844ffd56c19adfa7d;48e69dbe-dbe9-4f59-9d91-647e3f526e65;360.0;640.0;android;0;SM-G930F;8.0.0;3.0
5bf7ec4c44ffd56c19ae0c1e;5bf7ec4644ffd56c19ae0c1b;0B932E17-1ECC-4F9E-B47D-C7283FA0E73A;375.0;667.0;ios;0;Πέτρος's iPhone;unkonown;2.0
5bf7eca044ffd56c19ae0cc3;5bf7ec9f44ffd56c19ae0cb9;819E9D16-0BCE-48ED-A564-EDF568B24787;375.0;667.0;ios;0;iPhone;unkonown;2.0
5bf7efb144ffd56c19ae11fc;5bf7efa744ffd56c19ae11f2;e7bfc9a0-198f-4f17-8781-fb5294f32b54;360.0;640.0;android;0;SM-J320F;5.1.1;2.0
5bf7f06f44ffd56c19ae1366;5bf7f06844ffd56c19ae135b;37958c33-2c1d-40f2-9bc2-bb0da203cf5b;360.0;640.0;android;0;Redmi Note 4;7.0;3.0
5bf7f0f744ffd56c19ae144c;5bf7f0f544ffd56c19ae1441;019A1683-0316-4A8A-9412-3EE48168C1B6;320.0;568.0;ios;0;Kyriaki Rafailia;unkonown;2.0
5bf7f19844ffd56c19ae156b;5bf7f19444ffd56c19ae1561;CCCF82AA-121B-436A-AF2B-60F52CC9B470;375.0;667.0;ios;0;iPhone;unkonown;2.0
5bf7f2c944ffd56c19ae177a;5bf7f2ba44ffd56c19ae1749;e4efef10-8a00-4a8b-9dfc-7c654ed394e9;360.0;680.0;android;0;RNE-L21;8.0.0;3.0
5bf7f3a444ffd56c19ae1901;5bf7f39d44ffd56c19ae18f7;884d0f9c-f1ec-48c4-a49f-d46014308691;360.0;604.0;android;0;HUAWEI VNS-L21;7.0;3.0
5bf7f47744ffd56c19ae1a4f;5bf7f47044ffd56c19ae1a47;975B8057-E1E4-4101-BB73-7EF1128546AE;375.0;667.0;ios;0;Efthymios's iPhone;unkonown;2.0
5bf7fc11293a990ba1fb1724;5bf7fc10293a990ba1fb171a;5a20a0f4-7ac6-4645-b322-e8ce9a9f775c;360.0;672.0;android;0;Redmi 6A;8.1.0;2.0
5bf7fcb6293a990ba1fb18be;5bf7fcb6293a990ba1fb18bb;aa37d80d-69f7-497f-bc7b-1ac81138965e;360.0;680.0;android;0;RNE-L21;8.0.0;3.0
5bf7fe65293a990ba1fb1be6;5bf7fe5d293a990ba1fb1be2;7e5f181a-c540-4230-b5e6-97fc87383642;360.0;640.0;android;0;M6 Note;7.1.2;3.0
5bf7fe84293a990ba1fb1c41;5bf7fe82293a990ba1fb1c3f;9ca4a511-1085-4091-90ce-7539f92d7771;360.0;680.0;android;0;RNE-L21;8.0.0;3.0
5bf7fff9293a990ba1fb1ef0;5bf7fff8293a990ba1fb1eed;c26b70d5-3f83-4c27-b579-f9d170c0195e;360.0;598.0;android;0;EVA-L09;7.0;3.0
5bf800b2293a990ba1fb1ff3;5bf800af293a990ba1fb1fe5;390e9a10-f3c7-477c-921b-078fa87cfdea;411.42857142857144;731.4285714285714;android;0;SM-A520F;8.0.0;1.96875
5bf8019e293a990ba1fb218e;5bf80197293a990ba1fb2182;aefe6ac8-0863-443c-a338-6ff51672f775;360.0;604.0;android;0;HUAWEI VNS-L21;7.0;3.0
5bf80234293a990ba1fb22f4;5bf80231293a990ba1fb22df;446d791f-31af-400d-a1dd-107b17a245b4;360.0;640.0;android;0;SM-J510FN;7.1.1;2.0
5bf803fb293a990ba1fb2721;5bf803f9293a990ba1fb2716;c5104dd2-16a4-4421-9957-c37ec3fd2e77;360.0;592.0;android;0;A0001;6.0.1;3.0
5bf8091d293a990ba1fb3157;5bf8091b293a990ba1fb3142;85847cf7-9e91-4dd9-bcd7-56354e0b07b3;360.0;760.0;android;0;ANE-LX1;8.0.0;3.0
5bf8093a293a990ba1fb317f;5bf8092e293a990ba1fb3176;83c245b7-1e6f-4a55-b94b-5531ba877125;360.0;598.0;android;0;PRA-LX1;8.0.0;3.0
5bf80bc0293a990ba1fb36ae;5bf80ba9293a990ba1fb3698;011b6bdd-3928-453f-bb87-32ce044d1e5f;360.0;640.0;android;0;5047U;7.0;2.0
5bf80c87293a990ba1fb37be;5bf80c70293a990ba1fb37ab;83f2cd31-894e-4b52-ac09-bd12fe268cce;392.72727272727275;738.1818181818181;android;0;Redmi Note 5;8.1.0;2.75
5bf80de4293a990ba1fb3a02;5bf80ddc293a990ba1fb39fa;cac56470-95db-4be8-bf2a-66598604874d;360.0;640.0;android;0;Redmi 5A;7.1.2;2.0
5bf80e57293a990ba1fb3ad6;5bf80e46293a990ba1fb3ab4;886479e1-0b45-4b69-bde2-e4a503b24f2c;360.0;640.0;android;0;SM-J320F;5.1.1;2.0
5bf80e7b293a990ba1fb3b28;5bf80e72293a990ba1fb3b22;3e3db05f-fba3-49b1-913b-50c7369a97e6;360.0;640.0;android;0;Redmi 4A;7.1.2;2.0
5bf80f82293a990ba1fb3d94;5bf80f7a293a990ba1fb3d82;e10d4a71-2131-4c6b-8055-ee9a0371fbc8;360.0;640.0;android;0;Redmi Note 4X;6.0;3.0
5bf81561293a990ba1fb434d;5bf81560293a990ba1fb4349;59e1848f-ce20-4103-9abb-6ba7a28fa2bd;360.0;604.0;android;0;HUAWEI VNS-L21;7.0;3.0
5bf8156b293a990ba1fb4351;5bf81560293a990ba1fb434a;C9EA2D9F-C47D-44DA-9211-894EBAC4702E;320.0;568.0;ios;0;Device46;unkonown;2.0
5bf8171e293a990ba1fb43fa;5bf8171e293a990ba1fb43f9;01FB993E-A398-421F-8C2A-9B0875E80C88;375.0;667.0;ios;0;iPhone - KONSTANTINOS;unkonown;2.0
5bf81dec293a990ba1fb4674;5bf81de2293a990ba1fb466f;5ba21640-dcba-4e0d-a972-30d057762536;360.0;640.0;android;0;SM-A320FL;8.0.0;2.0
5bf8227a293a990ba1fb48e9;5bf8227a293a990ba1fb48e8;9926aaa2-2b84-4bd9-acf8-dd0cb7adff3a;392.72727272727275;738.1818181818181;android;0;Redmi 5 Plus;8.1.0;2.75
5bf8275a293a990ba1fb495c;5bf82759293a990ba1fb495b;1cec970f-6c45-4d5b-b5a7-1ddfef8509d2;360.0;604.0;android;0;ALE-L21;6.0;2.0
5bf82868293a990ba1fb497f;5bf82863293a990ba1fb497e;DD0C7C32-CC3F-4EDA-B2DC-1AB36C0DC4CA;375.0;667.0;ios;0;Polis;unkonown;2.0
5bf829d9293a990ba1fb49ad;5bf829d9293a990ba1fb49ac;89b999aa-adcc-49b0-8fe5-6abaa3d88d77;360.0;716.6666666666666;android;0;ANE-LX1;8.0.0;3.0
5bf82ca7293a990ba1fb4b14;5bf82ca7293a990ba1fb4b13;91B7FBED-2E9F-4E01-8C21-91661DCFA9A8;375.0;812.0;ios;0;Konstantinos;unkonown;3.0
5bf83f9f293a990ba1fb4e01;5bf83f9f293a990ba1fb4e00;7ea984d8-9df2-4c6c-a8dd-d6cbe5868e58;360.0;604.0;android;0;HUAWEI VNS-L21;7.0;3.0
5bf84479293a990ba1fb4e6b;5bf84471293a990ba1fb4e68;33357090-e55e-412c-8cc9-cadba10697a9;360.0;680.0;android;0;RNE-L21;7.0;3.0
5bf848e1293a990ba1fb4ef7;5bf848db293a990ba1fb4ef3;3bc6e227-9017-4d16-8a02-a6663b9c7d80;360.0;640.0;android;0;SM-J530F;7.0;2.0
5bf85252293a990ba1fb52ee;5bf8524d293a990ba1fb52ec;beb1fdc3-1043-4231-b4a7-2aa0b4072ee8;360.0;604.0;android;0;HUAWEI VNS-L21;7.0;3.0
5bf85cb6293a990ba1fb5449;5bf85c9c293a990ba1fb5445;1e8e3fc3-b6c7-4122-b7e7-da7b336ba84f;392.72727272727275;738.1818181818181;android;0;Redmi Note 5;8.1.0;2.75
5bf85fd9293a990ba1fb5576;5bf85fbe293a990ba1fb556d;ddd793ee-997a-40d6-a4ea-15b6a8085820;360.0;640.0;android;0;Lenovo K33a42;7.0;3.0
5bf8734e293a990ba1fb5d01;5bf8734e293a990ba1fb5d00;532906c2-2f99-49e0-a189-0bfe08923e48;360.0;640.0;android;0;SM-G935F;8.0.0;2.0
5bf8814b293a990ba1fb5e4f;5bf88140293a990ba1fb5e4e;e43657d3-f889-4782-8338-7a18dc7fdf87;360.0;640.0;android;0;SM-J320FN;5.1.1;2.0
5bf88af0293a990ba1fb5f0f;5bf88aea293a990ba1fb5f0e;cfca1458-fa12-4ec9-bda0-67e99e7aea4f;360.0;598.0;android;0;PRA-LX1;8.0.0;3.0
5bf8a16a293a990ba1fb60f4;5bf8a169293a990ba1fb60f3;a8ae4f2a-b26b-491b-8020-6027a9cfdd5a;360.0;598.0;android;0;LG-H815;6.0;4.0
5bf90471293a990ba1fb6329;5bf90470293a990ba1fb6328;73FDC026-8811-49A3-BA21-F989D5F30BFE;375.0;667.0;ios;0;iPhone - Αλέξανδρος;unkonown;2.0
5bf90acc293a990ba1fb6379;5bf90acb293a990ba1fb6378;f534f2ae-cd2e-42e4-9d8f-c1ff312c0598;411.42857142857144;731.4285714285714;android;0;SM-G928F;7.0;2.625
5bf94c65293a990ba1fb6932;5bf94c5d293a990ba1fb692b;ad7e290d-01b4-4880-b112-914829b91543;360.0;677.3333333333334;android;0;FIG-LX1;8.0.0;3.0
5bf95dd2293a990ba1fb6a94;5bf95dd2293a990ba1fb6a92;9d98d0ea-5d62-4129-895f-0236f22e119e;360.0;640.0;android;0;SM-J530F;7.0;1.5
5bf974d2293a990ba1fb6bd7;5bf974b8293a990ba1fb6bd5;119a94ff-71a5-4339-ba5c-4b97d4fbb2e2;360.0;640.0;android;0;Mi A1;8.1.0;3.0
5bf98735293a990ba1fb6cc5;5bf98734293a990ba1fb6cc2;78d2c876-1c3b-4842-ba89-d9d7066e9e60;360.0;604.0;android;0;NEM-L21;7.0;3.0
5bf98a7a293a990ba1fb6cf7;5bf98a7a293a990ba1fb6cf6;F77D913F-544F-49F4-A93A-890C236BDB29;414.0;736.0;ios;0;XATZI - iPhone 8+;unkonown;3.0
5bf9908d293a990ba1fb6d3e;5bf9908d293a990ba1fb6d3d;d702b0ac-d1f9-4d68-93c9-3c0dea70e267;360.0;640.0;android;0;SM-J510FN;7.1.1;2.0
5bf9a962293a990ba1fb6f0d;5bf9a962293a990ba1fb6f0c;2a323c5d-9992-4050-b9de-fe7e1a68d06d;392.72727272727275;738.1818181818181;android;0;Redmi Note 5;8.1.0;2.75
5bf9b8a8293a990ba1fb70c1;5bf9b8a8293a990ba1fb70c0;f6f65450-62fd-4129-a5e3-f9c580510fee;360.0;640.0;android;0;SM-J530F;7.0;2.0
5bf9d3c1293a990ba1fb7502;5bf9d3c1293a990ba1fb7501;3ff2eb68-d032-4f2b-a387-48ac14cf735d;360.0;640.0;android;0;SM-J500FN;6.0.1;2.0
5bf9e7661eb4332b1c092455;5bf9e7651eb4332b1c092454;5f28f920-4c33-49e3-82d3-8c0cbd5c27cd;360.0;640.0;android;0;Mi A1;7.1.2;3.0
5bf9fadc1eb4332b1c0926b9;5bf9fadc1eb4332b1c0926b7;6cc24d25-7c6f-44e5-a832-8f178122c32d;360.0;640.0;android;0;Neffos Y5;6.0.1;2.0
5bfa48791eb4332b1c09287d;5bfa48791eb4332b1c09287c;1bb79332-65df-4009-b358-a4b164043927;360.0;592.0;android;0;E5603;6.0;3.0
5bfa65ff1eb4332b1c092bca;5bfa65fe1eb4332b1c092bc9;e51e49c5-d5ca-4239-ae1a-31efa2492839;360.0;640.0;android;0;Redmi Note 5A;7.1.2;2.0
5bfa6ad01eb4332b1c092c6d;5bfa6ad01eb4332b1c092c6c;7864b15a-7f9a-4bec-a87a-98e6ad1e2ce9;360.0;597.3333333333334;android;0;VTR-L09;8.0.0;3.0
5bfa93581eb4332b1c093003;5bfa93581eb4332b1c093002;ba9b21c3-dd5d-4a33-869c-d1a6c7c811b3;360.0;640.0;android;0;Lenovo P1ma40;5.1;2.0
5bfaa88f1eb4332b1c0931c7;5bfaa88e1eb4332b1c0931c6;4d21c324-3e78-4cec-800c-87893d39bac2;392.72727272727275;738.1818181818181;android;0;Redmi Note 5;8.1.0;2.75
5bfab2f21eb4332b1c093310;5bfab2f21eb4332b1c09330f;dfe37711-b916-4790-9c96-dd9db21157aa;360.0;592.0;android;0;H3113;8.0.0;3.0
5bfad57f1eb4332b1c093582;5bfad57f1eb4332b1c093581;2c441986-fc67-46f2-9a7d-896c227c244a;360.0;640.0;android;0;Redmi 4A;7.1.2;2.0
5bfae4f41eb4332b1c09371d;5bfae4f31eb4332b1c09371b;E35AEC43-2405-44B0-91F4-BCE8F5E3A2B5;320.0;568.0;ios;0;iPhone;unkonown;2.0
5bfaf2541eb4332b1c0937c1;5bfa8d581eb4332b1c092f87;0c5ee7b4-8832-412e-b450-250d26d853b2;540.0;960.0;android;0;SM-N950F;7.1.2;-1.0
5bfaf6241eb4332b1c093800;5bfaf6241eb4332b1c0937ff;2667bed8-c7ad-48d2-8937-cd8fc594eaeb;360.0;640.0;android;0;M5 Note;6.0;3.0
5bfafc0c1eb4332b1c093855;5bfa8d581eb4332b1c092f87;e48ca334-33f8-4c65-a983-524eb71e489f;540.0;960.0;android;0;SM-G955N;5.1.1;-1.0
5bfb12f21eb4332b1c09398b;5bfb12f11eb4332b1c09398a;3CCB78B1-70BF-4CAA-AB4E-416113D0A90B;414.0;736.0;ios;0;iPhone - Χριστίνα Πανωρίου;unkonown;3.0
5bfb972c1eb4332b1c093d4c;5bfb972c1eb4332b1c093d4b;645185d8-cc6c-4f56-a4ca-a78d2c83b2db;360.0;640.0;android;0;Redmi 4X;7.1.2;2.0
5bfbb14c1eb4332b1c093e3e;5bfbb14c1eb4332b1c093e3d;bd5a9ba4-99c1-4a64-b5b3-c926ae4c4060;360.0;640.0;android;0;SM-G925F;7.0;3.0
5bfbb7b81eb4332b1c093e77;5bfbb7b21eb4332b1c093e76;310b3c01-5bd9-48ee-b6e4-d154ed27b75a;360.0;640.0;android;0;SM-G920F;7.0;3.0
5bfbc11f1eb4332b1c093f18;5bfbc11f1eb4332b1c093f17;10c34e16-a7e9-4ad9-b15f-04626559ad92;360.0;640.0;android;0;SM-A500FU;6.0.1;2.0
5bfbcba11eb4332b1c093fd3;5bfbcb9b1eb4332b1c093fd1;58c22ff5-4f0e-4df7-a439-cdfa5e5b486c;360.0;640.0;android;0;SM-J320F;5.1.1;2.0
5bfc0174417969d891dce0f9;5bfc0172417969d891dce0f8;6be6b5ff-63c3-4c6b-a498-b09cd2d35d52;392.72727272727275;738.1818181818181;android;0;Redmi 5 Plus;8.1.0;2.75
5bfc1a9c417969d891dce2ed;5bfc1a9c417969d891dce2ec;4d1a255a-ae29-444e-ab28-e1ee124960f9;360.0;640.0;android;0;Redmi 4X;7.1.2;2.0
5bfc2582417969d891dce401;5bfc2582417969d891dce400;a39886ba-4f76-4b63-b5f9-624d55cae5de;360.0;598.0;android;0;WAS-LX1;8.0.0;3.0
5bfc2c1f417969d891dce48e;5bfc2c1f417969d891dce48d;d863ed53-caf4-4674-ab22-1b1a1fd1f73b;423.5294196844927;846.274525628829;android;0;Mi A2 Lite;8.1.0;2.549999952316284
5bfc4a9f417969d891dce7cf;5bfc4a9d417969d891dce7ce;1dd096d3-2b8c-4654-97d0-cecc85d02d08;360.0;640.0;android;0;Redmi Note 4;7.0;3.0
5bfc6c39417969d891dceb94;5bfc6c39417969d891dceb93;769a9f39-c165-458b-a3e0-d4d5e4186c3f;411.42857142857144;731.4285714285714;android;0;SM-G935F;8.0.0;2.625
5bfc78f8417969d891dcec86;5bfc78f8417969d891dcec84;3e70703e-b822-40bf-bf71-dffcda5491bc;360.0;592.0;android;0;E6653;7.1.1;3.0
5bfc9007417969d891dcedc9;5bfc9007417969d891dcedc8;eca54444-00a8-4479-8125-e04c4aefec39;360.0;640.0;android;0;SM-N7505;5.1.1;2.0
5bfce0ac417969d891dceec6;5bfce0ac417969d891dceec5;7b023031-19bb-4bf0-826a-5d4d1bc77ea4;360.0;640.0;android;0;SM-J530F;7.0;2.0
5bfcefdb417969d891dceedb;5bfcefdb417969d891dceeda;ae37b064-772b-4caa-90fb-0edf0380e3d2;360.0;592.0;android;0;F3311;6.0;2.0
5bfcf89c417969d891dceedf;5bfcf89c417969d891dceede;52f25f0b-973c-453f-9f52-c1a8241409f1;360.0;672.0;android;0;Redmi 6;8.1.0;2.0
5bfd0418417969d891dcef2e;5bfd0416417969d891dcef2d;a4e3659e-2dc8-4180-a85d-943b0c7a666e;360.0;640.0;android;0;Redmi Note 4;7.0;3.0
5bfd154c417969d891dcefd8;5bfd154c417969d891dcefd7;E3B1B397-D612-4067-AFD1-16E89C0ACD7F;375.0;667.0;ios;0;iPhone - ATHANASIOS;unkonown;3.0
5bfd2041417969d891dcf099;5bfd2041417969d891dcf098;0fea4774-4a48-41ff-9770-7b2f8e59af36;392.72727272727275;738.1818181818181;android;0;Redmi Note 5;8.1.0;2.75
5bfd26e5417969d891dcf106;5bfd26e5417969d891dcf105;d5e8ec8b-85c6-497e-b474-92adbacc4eaa;360.0;640.0;android;0;Lenovo A5000;5.0.2;2.0
5bfd2d5c417969d891dcf13e;5bfd2d5c417969d891dcf13d;d2687b30-f05d-4418-ad1d-c9b33e1b4e9c;360.0;640.0;android;0;SM-J510FN;7.1.1;2.0
